Symbol,Name,Sector,Asset Class,Market Value,Weight(%),Notional Value,Quantity,CUSIP,ISIN,SEDOL,Accrual Date
MYGN,MYRIAD GENETICS INC,Health Care,Equity,"$180,506.04 ",0,"180,506.04","22,451.00",62855J104,US62855J1043,2614153,-
HTZ,HERTZ GLOBAL HLDGS INC,Industrials,Equity,"$180,570.87 ",0,"180,570.87","35,199.00",42806J700,US42806J7000,BNM5672,-
QNST,QUINSTREET INC,Communication,Equity,"$180,881.70 ",0,"180,881.70","12,230.00",74874Q100,US74874Q1004,B3PGPB9,-
HOV,HOVNANIAN ENTERPRISES INC CLASS A,Consumer Discretionary,Equity,"$181,306.84 ",0,"181,306.84","1,508.00",442487401,US4424874018,BJ5KPZ7,-
UFCS,UNITED FIRE GROUP INC,Financials,Equity,"$178,477.92 ",0,"178,477.92","5,904.00",910340108,US9103401082,B4WXG84,-
AHCO,ADAPTHEALTH CORP,Health Care,Equity,"$178,838.07 ",0,"178,838.07","19,893.00",00653Q102,US00653Q1022,BKDRF35,-
GLUE,MONTE ROSA THERAPEUTICS INC,Health Care,Equity,"$179,745.80 ",0,"179,745.80","13,988.00",61225M102,US61225M1027,BP7KZP7,-
PRSU,PURSUIT ATTRACTIONS AND HOSPITALIT,Consumer Discretionary,Equity,"$176,406.56 ",0,"176,406.56","4,972.00",92552R406,US92552R4065,B01KGF5,-
AOSL,ALPHA AND OMEGA SEMICONDUCTOR LTD,Information Technology,Equity,"$176,721.88 ",0,"176,721.88","6,298.00",-,BMG6331P1041,B5Q3KZ2,-
CCBG,CAPITAL CITY BANK INC,Financials,Equity,"$175,244.50 ",0,"175,244.50","4,505.00",139674105,US1396741050,2186759,-
RGR,STURM RUGER INC,Consumer Discretionary,Equity,"$172,990.39 ",0,"172,990.39","4,079.00",864159108,US8641591081,2856289,-
WVE,WAVE LIFE SCIENCES LTD,Health Care,Equity,"$173,215.44 ",0,"173,215.44","19,161.00",-,SG9999014716,BYZG9R0,-
KE,KIMBALL ELECTRONICS INC,Information Technology,Equity,"$173,257.92 ",0,"173,257.92","5,959.00",49428J109,US49428J1097,BRKFN59,-
RUSHB,RUSH ENTERPRISES INC CLASS B,Industrials,Equity,"$173,780.64 ",0,"173,780.64","3,312.00",781846308,US7818463082,2966865,-
INDI,INDIE SEMICONDUCTOR INC CLASS A,Information Technology,Equity,"$174,118.32 ",0,"174,118.32","32,364.00",45569U101,US45569U1016,BP4W0C8,-
MTUS,METALLUS INC,Materials,Equity,"$174,492.80 ",0,"174,492.80","9,920.00",887399103,US8873991033,BNBPMX1,-
AEHR,AEHR TEST SYSTEMS,Information Technology,Equity,"$174,496.86 ",0,"174,496.86","6,714.00",00760J108,US00760J1088,2096977,-
FIP,FTAI INFRASTRUCTURE INC,Industrials,Equity,"$171,504.78 ",0,"171,504.78","32,117.00",35953C106,US35953C1062,BPSJQ05,-
GCT,GIGACLOUD TECHNOLOGY INC CLASS A,Consumer Discretionary,Equity,"$171,769.22 ",0,"171,769.22","6,139.00",-,KYG386441037,BP0WTV4,-
SVRA,SAVARA INC,Health Care,Equity,"$171,851.50 ",0,"171,851.50","41,410.00",805111101,US8051111016,BYXGN81,-
CSV,CARRIAGE SERVICES INC,Consumer Discretionary,Equity,"$172,631.40 ",0,"172,631.40","3,862.00",143905107,US1439051079,2177786,-
SABR,SABRE CORP,Consumer Discretionary,Equity,"$172,847.49 ",0,"172,847.49","84,522.00",78573M104,US78573M1045,BLLHH27,-
BV,BRIGHTVIEW HOLDINGS INC,Industrials,Equity,"$169,473.92 ",0,"169,473.92","13,756.00",10948C107,US10948C1071,BG0ZML1,-
FOR,FORESTAR GROUP INC,Real Estate,Equity,"$169,507.17 ",0,"169,507.17","6,517.00",346232101,US3462321015,BF16ZX9,-
HTBK,HERITAGE COMMERCE CORP,Financials,Equity,"$169,686.40 ",0,"169,686.40","16,316.00",426927109,US4269271098,2503916,-
MMI,MARCUS & MILLICHAP INC,Real Estate,Equity,"$170,031.41 ",0,"170,031.41","5,821.00",566324109,US5663241090,BFWGXV2,-
AMPL,AMPLITUDE INC CLASS A,Information Technology,Equity,"$170,759.55 ",0,"170,759.55","16,991.00",03213A104,US03213A1043,BMV1Z44,-
INGM,INGRAM MICRO HOLDING CORP,Information Technology,Equity,"$167,837.60 ",0,"167,837.60","7,310.00",457152106,US4571521065,BS5YN47,-
BDN,BRANDYWINE REALTY TRUST REIT,Real Estate,Equity,"$167,840.19 ",0,"167,840.19","48,933.00",105368203,US1053682035,2518954,-
LENZ,LENZ THERAPEUTICS INC,Health Care,Equity,"$167,918.00 ",0,"167,918.00","5,650.00",52635N103,US52635N1037,BQV0J03,-
KURA,KURA ONCOLOGY INC,Health Care,Equity,"$169,116.09 ",0,"169,116.09","16,467.00",50127T109,US50127T1097,BYZD465,-
TALK,TALKSPACE INC,Health Care,Equity,"$169,245.54 ",0,"169,245.54","52,398.00",87427V103,US87427V1035,BP7L970,-
RWT,REDWOOD TRUST REIT INC,Financials,Equity,"$165,958.74 ",0,"165,958.74","31,254.00",758075402,US7580754023,2730877,-
MYE,MYERS INDUSTRIES INC,Materials,Equity,"$166,038.73 ",0,"166,038.73","9,581.00",628464109,US6284641098,2613086,-
BCML,BAYCOM CORP,Financials,Equity,"$167,240.10 ",0,"167,240.10","6,135.00",07272M107,US07272M1071,BYSTY59,-
OXM,OXFORD INDUSTRIES INC,Consumer Discretionary,Equity,"$167,335.85 ",0,"167,335.85","4,541.00",691497309,US6914973093,2665300,-
HSTM,HEALTHSTREAM INC,Health Care,Equity,"$167,353.80 ",0,"167,353.80","6,803.00",42222N103,US42222N1037,2577870,-
CCSI,CONSENSUS CLOUD SOLUTIONS INC,Information Technology,Equity,"$164,367.92 ",0,"164,367.92","5,606.00",20848V105,US20848V1052,BMXZF55,-
UTL,UNITIL CORP,Utilities,Equity,"$164,628.75 ",0,"164,628.75","3,377.00",913259107,US9132591077,2925037,-
NX,QUANEX BUILDING PRODUCTS CORP,Industrials,Equity,"$164,651.27 ",0,"164,651.27","11,587.00",747619104,US7476191041,B2QXCJ9,-
GLDD,GREAT LAKES DREDGE AND DOCK CORP,Industrials,Equity,"$164,938.20 ",0,"164,938.20","14,532.00",390607109,US3906071093,B1LDZK9,-
ATUS,ALTICE USA INC CLASS A,Communication,Equity,"$164,970.94 ",0,"164,970.94","73,978.00",02156K103,US02156K1034,BDRY7P9,-
EVER,EVERQUOTE INC CLASS A,Communication,Equity,"$165,017.94 ",0,"165,017.94","7,661.00",30041R108,US30041R1086,BG88WS9,-
FBIZ,FIRST BUSINESS FINANCIAL SERVICES,Financials,Equity,"$165,191.04 ",0,"165,191.04","3,264.00",319390100,US3193901002,B0M02F6,-
ASC,ARDMORE SHIPPING CORP,Energy,Equity,"$165,470.37 ",0,"165,470.37","13,143.00",-,MHY0207T1001,BCGCR57,-
SKYT,SKYWATER TECHNOLOGY INC,Information Technology,Equity,"$165,775.29 ",0,"165,775.29","9,481.00",83089J108,US83089J1088,BMDXB06,-
HBNC,HORIZON BANCORP INC,Financials,Equity,"$162,458.40 ",0,"162,458.40","10,414.00",440407104,US4404071049,2949316,-
ROOT,ROOT INC CLASS A,Financials,Equity,"$162,730.92 ",0,"162,730.92","2,021.00",77664L207,US77664L2079,BNV0HC0,-
TR,TOOTSIE ROLL INDUSTRIES INC,Consumer Staples,Equity,"$163,145.67 ",0,"163,145.67","4,623.00",890516107,US8905161076,2896809,-
GDOT,GREEN DOT CORP CLASS A,Financials,Equity,"$163,236.60 ",0,"163,236.60","14,060.00",39304D102,US39304D1028,B3WNNP3,-
PLOW,DOUGLAS DYNAMICS INC,Industrials,Equity,"$163,242.00 ",0,"163,242.00","5,400.00",25960R105,US25960R1059,B3N5WD9,-
BCAL,CALIFORNIA BANCORP,Financials,Equity,"$163,396.13 ",0,"163,396.13","8,837.00",84252A106,US84252A1060,BLBCWZ0,-
ICHR,ICHOR HOLDINGS LTD,Information Technology,Equity,"$163,953.72 ",0,"163,953.72","7,229.00",-,KYG4740B1059,BD2B5Y0,-
EXPI,EXP WORLD HOLDINGS INC,Real Estate,Equity,"$164,055.04 ",0,"164,055.04","16,021.00",30212W100,US30212W1009,BDH2902,-
MCB,METROPOLITAN BANK HOLDING CORP,Financials,Equity,"$160,837.29 ",0,"160,837.29","2,427.00",591774104,US5917741044,BDBRDR8,-
ADAM,ADAMAS INC TRUST,Financials,Equity,"$160,940.43 ",0,"160,940.43","24,129.00",649604840,US6496048405,BR4NQJ4,-
ITIC,INVESTORS TITLE,Financials,Equity,"$161,360.16 ",0,"161,360.16",624,461804106,US4618041069,2469892,-
ERAS,ERASCA INC,Health Care,Equity,"$161,426.10 ",0,"161,426.10","66,705.00",29479A108,US29479A1088,BNLYBF3,-
SHEN,SHENANDOAH TELECOMMUNICATIONS,Communication,Equity,"$161,860.16 ",0,"161,860.16","13,138.00",82312B106,US82312B1061,2676692,-
LXU,LSB INDUSTRIES INC,Materials,Equity,"$162,184.77 ",0,"162,184.77","19,239.00",502160104,US5021601043,2536882,-
UTZ,UTZ BRANDS INC CLASS A,Consumer Staples,Equity,"$162,256.77 ",0,"162,256.77","15,409.00",918090101,US9180901012,BL989M6,-
STGW,STAGWELL INC CLASS A,Communication,Equity,"$159,058.50 ",0,"159,058.50","33,486.00",85256A109,US85256A1097,BM8BPB4,-
LQDT,LIQUIDITY SERVICES INC,Industrials,Equity,"$159,679.80 ",0,"159,679.80","6,670.00",53635B107,US53635B1070,B0ZN8Z4,-
AIOT,POWERFLEET INC,Information Technology,Equity,"$159,869.70 ",0,"159,869.70","31,347.00",73931J109,US73931J1097,BKLX9J9,-
MBIN,MERCHANTS BANCORP,Financials,Equity,"$160,035.89 ",0,"160,035.89","5,131.00",58844R108,US58844R1086,BYZ1PQ6,-
DJCO,DAILY JOURNAL CORP,Information Technology,Equity,"$160,395.84 ",0,"160,395.84",396,233912104,US2339121046,2251583,-
SBGI,SINCLAIR INC CLASS A,Communication,Equity,"$160,477.68 ",0,"160,477.68","11,748.00",829242106,US8292421067,BRJX4J5,-
MPB,MID PENN BANCORP INC,Financials,Equity,"$157,356.95 ",0,"157,356.95","5,531.00",59540G107,US59540G1076,2618348,-
IBCP,INDEPENDENT BANK CORP,Financials,Equity,"$157,687.96 ",0,"157,687.96","5,218.00",453838609,US4538386099,2492133,-
BFST,BUSINESS FIRST BANCSHARES INC,Financials,Equity,"$158,350.16 ",0,"158,350.16","6,458.00",12326C105,US12326C1053,BF5HDJ0,-
CWCO,CONSOLIDATED WATER LTD,Utilities,Equity,"$158,418.58 ",0,"158,418.58","4,658.00",G23773107,KYG237731073,2099095,-
PAHC,PHIBRO ANIMAL HEALTH CORP CLASS A,Health Care,Equity,"$158,608.26 ",0,"158,608.26","3,771.00",71742Q106,US71742Q1067,BL95N25,-
EQBK,EQUITY BANCSHARES INC CLASS A,Financials,Equity,"$158,880.22 ",0,"158,880.22","3,922.00",29460X109,US29460X1090,BYZG9Q9,-
SG,SWEETGREEN INC CLASS A,Consumer Discretionary,Equity,"$155,734.11 ",0,"155,734.11","24,759.00",87043Q108,US87043Q1085,BMQ89L5,-
PLSE,PULSE BIOSCIENCES INC,Health Care,Equity,"$155,806.79 ",0,"155,806.79","9,203.00",74587B101,US74587B1017,BD02SG8,-
UNTY,UNITY BANCORP INC,Financials,Equity,"$156,028.76 ",0,"156,028.76","3,436.00",913290102,US9132901029,2083968,-
BLMN,BLOOMIN BRANDS INC,Consumer Discretionary,Equity,"$156,079.16 ",0,"156,079.16","22,852.00",94235108,US0942351083,B847RJ0,-
PACB,PACIFIC BIOSCIENCES OF CALIFORNIA,Health Care,Equity,"$156,557.70 ",0,"156,557.70","66,905.00",69404D108,US69404D1081,B4N8MH9,-
GOGO,GOGO INC,Communication,Equity,"$156,629.20 ",0,"156,629.20","17,212.00",38046C109,US38046C1099,BB2C2R1,-
CYH,COMMUNITY HEALTH SYSTEMS INC,Health Care,Equity,"$157,186.56 ",0,"157,186.56","40,512.00",203668108,US2036681086,2600248,-
CMP,COMPASS MINERALS INTERNATIONAL INC,Materials,Equity,"$154,117.92 ",0,"154,117.92","8,888.00",20451N101,US20451N1019,2202763,-
NAGE,NIAGEN BIOSCIENCE INC,Health Care,Equity,"$154,185.46 ",0,"154,185.46","20,449.00",171077407,US1710774076,BD0SJ96,-
INBX,INHIBRX BIOSCIENCES INC,Health Care,Equity,"$154,255.74 ",0,"154,255.74","1,889.00",45720N103,US45720N1037,BNSP8K3,-
PAYS,PAYSIGN INC,Financials,Equity,"$155,042.97 ",0,"155,042.97","30,018.00",70451A104,US70451A1043,BJRFDF6,-
DEC,DIVERSIFIED ENERGY COMPANY PLC,Energy,Equity,"$155,481.15 ",0,"155,481.15","12,291.00",-,GB00BQHP5P93,BS4CRR3,-
CEVA,CEVA INC,Information Technology,Equity,"$152,131.11 ",0,"152,131.11","5,591.00",157210105,US1572101053,2986937,-
GNK,GENCO SHIPPING AND TRADING LTD,Industrials,Equity,"$152,201.28 ",0,"152,201.28","8,932.00",-,MHY2685T1313,BD08758,-
HBCP,HOME BANCORP INC,Financials,Equity,"$152,274.75 ",0,"152,274.75","2,865.00",4.37E+111,US43689E1073,B39XGV3,-
IIIN,INSTEEL INDUSTRIES INC,Industrials,Equity,"$152,857.32 ",0,"152,857.32","4,893.00",45774W108,US45774W1080,2325875,-
DFH,DREAM FINDERS HOMES INC CLASS A,Consumer Discretionary,Equity,"$153,153.00 ",0,"153,153.00","7,735.00",26154D100,US26154D1000,BMFZ3F9,-
MGTX,MEIRAGTX HOLDINGS PLC,Health Care,Equity,"$153,651.76 ",0,"153,651.76","16,922.00",-,KYG596651029,BFYQFJ2,-
SPRY,ARS PHARMACEUTICALS INC,Health Care,Equity,"$153,744.64 ",0,"153,744.64","17,159.00",82835W108,US82835W1080,BMCR7V2,-
AVXL,ANAVEX LIFE SCIENCES CORP,Health Care,Equity,"$151,669.10 ",0,"151,669.10","19,030.00",32797300,US0327973006,BYTYP72,-
LIND,LINDBLAD EXPEDITIONS HOLDINGS INC,Consumer Discretionary,Equity,"$148,651.56 ",0,"148,651.56","12,326.00",535219109,US5352191093,BYMBW46,-
CVLG,COVENANT LOGISTICS GROUP INC CLASS,Industrials,Equity,"$148,652.90 ",0,"148,652.90","7,370.00",22284P105,US22284P1057,2200853,-
BCAX,BICARA THERAPEUTICS INC,Health Care,Equity,"$148,915.00 ",0,"148,915.00","9,164.00",55477103,US0554771032,BQB42F1,-
SSTK,SHUTTERSTOCK INC,Communication,Equity,"$148,978.56 ",0,"148,978.56","5,952.00",825690100,US8256901005,B7ZR219,-
CWBC,COMMUNITY WEST BANCSHARES,Financials,Equity,"$149,319.00 ",0,"149,319.00","7,050.00",203937107,US2039371073,BNK9G76,-
AMBP,ARDAGH METAL PACKAGING SA,Materials,Equity,"$149,450.91 ",0,"149,450.91","41,863.00",-,LU2369833749,BMWT6B1,-
ILPT,INDUSTRIAL LOGISTICS PROPERTIES TR,Real Estate,Equity,"$149,629.92 ",0,"149,629.92","28,339.00",456237106,US4562371066,BFFK7S6,-
WLFC,WILLIS LEASE FINANCE CORP,Industrials,Equity,"$150,076.22 ",0,"150,076.22","1,169.00",970646105,US9706461053,2036779,-
INN,SUMMIT HOTEL PROPERTIES REIT INC,Real Estate,Equity,"$146,932.04 ",0,"146,932.04","28,586.00",866082100,US8660821005,B3M7R64,-
ABSI,ABSCI CORP,Health Care,Equity,"$147,154.96 ",0,"147,154.96","34,382.00",9.10E+110,US00091E1091,BN94K69,-
BXC,BLUELINX HOLDINGS INC,Industrials,Equity,"$147,240.00 ",0,"147,240.00","2,250.00",09624H208,US09624H2085,BYQLZ65,-
THFF,FIRST FINANCIAL CORPORATION CORP,Financials,Equity,"$147,269.84 ",0,"147,269.84","2,762.00",320218100,US3202181000,2362515,-
GCMG,GCM GROSVENOR INC CLASS A,Financials,Equity,"$148,030.11 ",0,"148,030.11","12,861.00",3.68E+112,US36831E1082,BNDQ9Y2,-
NGNE,NEUROGENE INC,Health Care,Equity,"$148,208.76 ",0,"148,208.76","4,326.00",64135M105,US64135M1053,BS2F741,-
CCRN,CROSS COUNTRY HEALTHCARE INC,Health Care,Equity,"$145,342.30 ",0,"145,342.30","11,855.00",227483104,US2274831047,2809056,-
EYPT,EYEPOINT PHARMACEUTICALS INC,Health Care,Equity,"$145,377.54 ",0,"145,377.54","11,106.00",30233G209,US30233G2093,BMGS7L1,-
ARVN,ARVINAS INC,Health Care,Equity,"$145,417.74 ",0,"145,417.74","14,341.00",04335A105,US04335A1051,BDZ30Q0,-
MATV,MATIV HOLDINGS INC,Materials,Equity,"$145,482.96 ",0,"145,482.96","13,622.00",808541106,US8085411069,2782038,-
SNCY,SUN COUNTRY AIRLINES HOLDINGS INC,Industrials,Equity,"$146,770.56 ",0,"146,770.56","11,952.00",866683105,US8666831057,BM8TFC9,-
VEL,VELOCITY FINANCIAL INC,Financials,Equity,"$143,374.00 ",0,"143,374.00","7,700.00",92262D101,US92262D1019,BKFVZS0,-
ETD,ETHAN ALLEN INTERIORS INC,Consumer Discretionary,Equity,"$143,763.16 ",0,"143,763.16","5,948.00",297602104,US2976021046,2320825,-
STKL,SUNOPTA INC,Consumer Staples,Equity,"$144,312.12 ",0,"144,312.12","27,646.00",8676EP108,CA8676EP1086,2836634,-
ASIX,ADVANSIX INC,Materials,Equity,"$144,425.71 ",0,"144,425.71","7,769.00",00773T101,US00773T1016,BYMMZL7,-
FRBA,FIRST BANK,Financials,Equity,"$144,797.40 ",0,"144,797.40","9,270.00",31931U102,US31931U1025,B1VQ1H7,-
KOP,KOPPERS HOLDINGS INC,Materials,Equity,"$145,050.80 ",0,"145,050.80","5,140.00",50060P106,US50060P1066,B0X46B1,-
CGEM,CULLINAN THERAPEUTICS INC,Health Care,Equity,"$141,634.30 ",0,"141,634.30","16,355.00",230031106,US2300311063,BM90J52,-
JBIO,JADE BIOSCIENCES INC,Health Care,Equity,"$141,737.40 ",0,"141,737.40","14,463.00",8064206,US0080642061,BVDFZW5,-
GSBC,GREAT SOUTHERN BANCORP INC,Financials,Equity,"$141,812.20 ",0,"141,812.20","2,546.00",390905107,US3909051076,2387002,-
SWBI,SMITH WESSON BRANDS INC,Consumer Discretionary,Equity,"$142,088.04 ",0,"142,088.04","14,824.00",831754106,US8317541063,BMYGG87,-
PFIS,PEOPLES FINANCIAL SERVICES CORP,Financials,Equity,"$142,171.68 ",0,"142,171.68","3,192.00",711040105,US7110401053,2956907,-
ACNB,ACNB CORP,Financials,Equity,"$142,181.46 ",0,"142,181.46","3,147.00",868109,US0008681092,2412012,-
BWMN,BOWMAN CONSULTING GROUP LTD,Industrials,Equity,"$142,294.23 ",0,"142,294.23","3,287.00",103002101,US1030021018,BNYKJK9,-
MRTN,MARTEN TRANSPORT LTD,Industrials,Equity,"$142,721.00 ",0,"142,721.00","13,924.00",573075108,US5730751089,2568357,-
CARE,CARTER BANKSHARES INC,Financials,Equity,"$140,107.24 ",0,"140,107.24","8,203.00",146103106,US1461031064,BMWKK45,-
ANGI,ANGI INC CLASS A,Communication,Equity,"$140,157.74 ",0,"140,157.74","10,562.00",00183L201,US00183L2016,BT9P0M0,-
CAC,CAMDEN NATIONAL CORP,Financials,Equity,"$140,163.10 ",0,"140,163.10","3,674.00",133034108,US1330341082,2116659,-
MBUU,MALIBU BOATS CLASS A INC,Consumer Discretionary,Equity,"$140,186.10 ",0,"140,186.10","5,030.00",56117J100,US56117J1007,BJ38KJ2,-
IMXI,INTERNATIONAL MONEY EXPRESS INC,Financials,Equity,"$140,472.26 ",0,"140,472.26","9,434.00",46005L101,US46005L1017,BG216W6,-
OMER,OMEROS CORP,Health Care,Equity,"$140,530.76 ",0,"140,530.76","19,172.00",682143102,US6821431029,B4NB858,-
FCBC,FIRST COMMUNITY BANKSHARES INC,Financials,Equity,"$140,646.66 ",0,"140,646.66","4,349.00",31983A103,US31983A1034,2648710,-
RLAY,RELAY THERAPEUTICS INC,Health Care,Equity,"$140,822.22 ",0,"140,822.22","19,723.00",75943R102,US75943R1023,BN2R582,-
RUM,RUMBLE INC CLASS A,Communication,Equity,"$140,849.52 ",0,"140,849.52","20,532.00",78137L105,US78137L1052,BMGCGK5,-
ATXS,ASTRIA THERAPEUTICS INC,Health Care,Equity,"$141,039.21 ",0,"141,039.21","11,167.00",04635X102,US04635X1028,BMYRFN8,-
HCKT,HACKETT GROUP INC,Information Technology,Equity,"$141,058.79 ",0,"141,058.79","7,789.00",404609109,US4046091090,2249254,-
TBCH,TURTLE BEACH CORP,Information Technology,Equity,"$141,250.20 ",0,"141,250.20","8,358.00",900450206,US9004502061,BF5HDT0,-
MVBF,MVB FINANCIAL CORP,Financials,Equity,"$141,303.92 ",0,"141,303.92","5,524.00",553810102,US5538101024,B00BYZ5,-
FDMT,4D MOLECULAR THERAPEUTICS INC,Health Care,Equity,"$141,392.50 ",0,"141,392.50","12,295.00",3.51E+104,US35104E1001,BKLXFX5,-
OFIX,ORTHOFIX MEDICAL INC,Health Care,Equity,"$138,527.68 ",0,"138,527.68","8,972.00",68752M108,US68752M1080,BGGJFT6,-
FMNB,FARMERS NATIONAL BANC CORP,Financials,Equity,"$138,600.44 ",0,"138,600.44","10,678.00",309627107,US3096271073,B019BK2,-
SPT,SPROUT SOCIAL INC CLASS A,Information Technology,Equity,"$138,665.54 ",0,"138,665.54","13,502.00",85209W109,US85209W1099,BKTNTS0,-
AVBP,ARRIVENT BIOPHARMA INC,Health Care,Equity,"$138,770.57 ",0,"138,770.57","7,409.00",04272N102,US04272N1028,BMGTLY5,-
NABL,N ABLE INC,Information Technology,Equity,"$138,786.75 ",0,"138,786.75","17,725.00",62878D100,US62878D1000,BMBR683,-
ACIC,AMERICAN COASTAL INSURANCE CORP,Financials,Equity,"$138,906.88 ",0,"138,906.88","11,732.00",910710102,US9107101027,B292PW7,-
IBTA,IBOTTA INC CLASS A,Communication,Equity,"$139,234.16 ",0,"139,234.16","4,316.00",451051106,US4510511060,BNZD2W0,-
APPS,DIGITAL TURBINE INC,Information Technology,Equity,"$139,301.76 ",0,"139,301.76","22,324.00",25400W102,US25400W1027,BVFNZL6,-
BHB,BAR HARBOR BANKSHARES,Financials,Equity,"$139,346.83 ",0,"139,346.83","4,751.00",66849100,US0668491006,2618111,-
VTS,VITESSE ENERGY INC,Energy,Equity,"$136,764.00 ",0,"136,764.00","6,288.00",92852X103,US92852X1037,BMBX3P7,-
GCI,GANNETT CO INC,Communication,Equity,"$137,010.30 ",0,"137,010.30","25,851.00",36472T109,US36472T1097,BKPH157,-
NECB,NORTHEAST COMMUNITY BANCORP INC,Financials,Equity,"$137,381.80 ",0,"137,381.80","6,995.00",664121100,US6641211007,BL97CD5,-
AROW,ARROW FINANCIAL CORP,Financials,Equity,"$137,441.92 ",0,"137,441.92","4,928.00",42744102,US0427441029,2051374,-
FSBC,FIVE STAR BANCORP,Financials,Equity,"$137,601.25 ",0,"137,601.25","3,875.00",33830T103,US33830T1034,BP2C8W6,-
FG,F&G ANNUITIES AND LIFE INC,Financials,Equity,"$137,664.95 ",0,"137,664.95","4,643.00",30190A104,US30190A1043,BM9XCN0,-
SEPN,SEPTERNA INC,Health Care,Equity,"$137,896.40 ",0,"137,896.40","6,694.00",81734D104,US81734D1046,BQNKXX2,-
PLAY,DAVE AND BUSTERS ENTERTAINMENT INC,Consumer Discretionary,Equity,"$138,086.00 ",0,"138,086.00","9,400.00",238337109,US2383371091,B8SW166,-
RRBI,RED RIVER BANCSHARES INC,Financials,Equity,"$134,762.40 ",0,"134,762.40","2,040.00",75686R202,US75686R2022,BJRFD78,-
AMRK,A MARK PRECIOUS METALS INC,Consumer Discretionary,Equity,"$134,973.24 ",0,"134,973.24","5,078.00",00181T107,US00181T1079,BK6MJ46,-
CSTL,CASTLE BIOSCIENCES INC,Health Care,Equity,"$135,252.00 ",0,"135,252.00","5,304.00",14843C105,US14843C1053,BKLCWZ3,-
MBCN,MIDDLEFIELD BANC CORP,Financials,Equity,"$135,257.40 ",0,"135,257.40","4,149.00",596304204,US5963042040,2381543,-
OPK,OPKO HEALTH INC,Health Care,Equity,"$135,257.44 ",0,"135,257.44","99,454.00",68375N103,US68375N1037,2115902,-
BAND,BANDWIDTH INC CLASS A,Communication,Equity,"$135,837.65 ",0,"135,837.65","8,411.00",05988J103,US05988J1034,BD3FZ18,-
FWRD,FORWARD AIR CORP,Industrials,Equity,"$136,127.97 ",0,"136,127.97","7,237.00",34986A104,US34986A1043,BTJZB05,-
AMAL,AMALGAMATED FINANCIAL CORP,Financials,Equity,"$136,218.22 ",0,"136,218.22","4,997.00",22671101,US0226711010,BLR7B41,-
OIS,OIL STATES INTERNATIONAL INC,Energy,Equity,"$136,336.89 ",0,"136,336.89","22,837.00",678026105,US6780261052,2724472,-
HIFS,HINGHAM INSTITUTION FOR SAVINGS,Financials,Equity,"$133,594.04 ",0,"133,594.04",454,433323102,US4333231029,2428439,-
DAWN,DAY ONE BIOPHARMACEUTICALS INC,Health Care,Equity,"$133,845.60 ",0,"133,845.60","17,990.00",23954D109,US23954D1090,BLB0YH0,-
BATRA,ATLANTA BRAVES HOLDINGS INC SERIES,Communication,Equity,"$133,949.70 ",0,"133,949.70","3,105.00",47726104,US0477261046,BRF2GC3,-
OBT,ORANGE COUNTY BANCORP INC,Financials,Equity,"$133,986.00 ",0,"133,986.00","5,480.00",68417L107,US68417L1070,B02VKG6,-
ARHS,ARHAUS INC CLASS A,Consumer Discretionary,Equity,"$134,328.12 ",0,"134,328.12","13,406.00",04035M102,US04035M1027,BNV08M7,-
GRPN,GROUPON INC,Consumer Discretionary,Equity,"$131,267.73 ",0,"131,267.73","6,521.00",399473206,US3994732069,BMTD360,-
RM,REGIONAL MANAGEMENT CORP,Financials,Equity,"$131,310.95 ",0,"131,310.95","3,337.00",75902K106,US75902K1060,B719DK5,-
TRC,TEJON RANCH,Real Estate,Equity,"$131,922.98 ",0,"131,922.98","8,339.00",879080109,US8790801091,2880448,-
SMBC,SOUTHERN MISSOURI BANCORP INC,Financials,Equity,"$132,306.12 ",0,"132,306.12","2,523.00",843380106,US8433801060,2570501,-
AVNS,AVANOS MEDICAL INC,Health Care,Equity,"$132,431.20 ",0,"132,431.20","11,920.00",05350V106,US05350V1061,BFFVV54,-
HZO,MARINEMAX INC,Consumer Discretionary,Equity,"$132,569.04 ",0,"132,569.04","5,352.00",567908108,US5679081084,2250353,-
BWB,BRIDGEWATER BANCSHARES INC,Financials,Equity,"$132,733.44 ",0,"132,733.44","8,064.00",108621103,US1086211034,BFMZC67,-
CASS,CASS INFORMATION SYSTEMS INC,Financials,Equity,"$132,781.27 ",0,"132,781.27","3,359.00",14808P109,US14808P1093,2086558,-
EU,ENCORE ENERGY CORP,Energy,Equity,"$132,832.92 ",0,"132,832.92","42,988.00",29259W700,CA29259W7008,BN48970,-
FISI,FINANCIAL INSTITUTIONS INC,Financials,Equity,"$129,811.38 ",0,"129,811.38","4,566.00",317585404,US3175854047,2596949,-
EVCM,EVERCOMMERCE INC,Information Technology,Equity,"$129,889.13 ",0,"129,889.13","11,207.00",29977X105,US29977X1054,BLD30Q8,-
ORGO,ORGANOGENESIS HOLDINGS INC CLASS A,Health Care,Equity,"$130,143.50 ",0,"130,143.50","30,622.00",68621F102,US68621F1021,BF2KYH7,-
KRRO,KORRO BIO INC,Health Care,Equity,"$130,257.44 ",0,"130,257.44","3,184.00",500946108,US5009461089,BSBJKP6,-
RDVT,RED VIOLET INC,Information Technology,Equity,"$130,481.79 ",0,"130,481.79","2,433.00",75704L104,US75704L1044,BFXSFB1,-
AEVA,AEVA TECHNOLOGIES INC,Information Technology,Equity,"$130,491.24 ",0,"130,491.24","7,986.00",00835Q202,US00835Q2021,BSB8D21,-
ACEL,ACCEL ENTERTAINMENT INC CLASS A,Consumer Discretionary,Equity,"$130,890.55 ",0,"130,890.55","12,845.00",00436Q106,US00436Q1067,BK7FYL6,-
GLRE,GREENLIGHT CAPITAL LTD CLASS A,Financials,Equity,"$131,102.04 ",0,"131,102.04","10,817.00",-,KYG4095J1094,B1XRCZ3,-
SPFI,SOUTH PLAINS FINANCIAL INC,Financials,Equity,"$127,786.50 ",0,"127,786.50","3,501.00",83946P107,US83946P1075,BGV1W52,-
HYLN,HYLIION HOLDINGS CORP,Industrials,Equity,"$127,906.53 ",0,"127,906.53","53,969.00",449109107,US4491091074,BLF8447,-
ONIT,ONITY GROUP INC,Financials,Equity,"$127,922.58 ",0,"127,922.58","3,414.00",675746606,US6757466064,BMDNMR0,-
CIVB,CIVISTA BANCSHARES INC,Financials,Equity,"$128,038.91 ",0,"128,038.91","5,947.00",178867107,US1788671071,BWT3JH3,-
AMTB,AMERANT BANCORP INC CLASS A,Financials,Equity,"$128,240.19 ",0,"128,240.19","7,647.00",23576101,US0235761014,BKDSMB5,-
KREF,KKR REAL ESTATE FINANCE INC TRUST,Financials,Equity,"$128,270.12 ",0,"128,270.12","15,758.00",48251K100,US48251K1007,BF0YMC2,-
DGICA,DONEGAL GROUP INC CLASS A,Financials,Equity,"$129,037.50 ",0,"129,037.50","6,882.00",257701201,US2577012014,2752730,-
EGBN,EAGLE BANCORP INC,Financials,Equity,"$129,243.00 ",0,"129,243.00","7,716.00",268948106,US2689481065,2648055,-
PRAA,PRA GROUP INC,Financials,Equity,"$129,312.72 ",0,"129,312.72","9,432.00",69354N106,US69354N1063,BSHZ3P9,-
KFRC,KFORCE INC,Industrials,Equity,"$126,171.10 ",0,"126,171.10","4,987.00",493732101,US4937321010,2746982,-
SFST,SOUTHERN FIRST BANCSHARES INC,Financials,Equity,"$126,215.36 ",0,"126,215.36","2,879.00",842873101,US8428731017,2508030,-
ASPN,ASPEN AEROGELS INC,Materials,Equity,"$126,642.12 ",0,"126,642.12","15,558.00",04523Y105,US04523Y1055,BN65SM7,-
BMBL,BUMBLE INC CLASS A,Communication,Equity,"$127,250.40 ",0,"127,250.40","22,928.00",12047B105,US12047B1052,BMZ2WT7,-
TRTX,TPG RE FINANCE TRUST INC,Financials,Equity,"$127,353.95 ",0,"127,353.95","14,723.00",87266M107,US87266M1071,BF2F1Q0,-
CODI,COMPASS DIVERSIFIED,Financials,Equity,"$127,689.32 ",0,"127,689.32","20,014.00",20451Q104,US20451Q1040,B14TC70,-
EE,EXCELERATE ENERGY INC CLASS A,Energy,Equity,"$124,730.74 ",0,"124,730.74","4,814.00",30069T101,US30069T1016,BN2QTD2,-
PACS,PACS GROUP INC,Health Care,Equity,"$125,003.84 ",0,"125,003.84","10,348.00",69380Q107,US69380Q1076,BPW6WD7,-
WSBF,WATERSTONE FINANCIAL INC,Financials,Equity,"$125,016.30 ",0,"125,016.30","8,171.00",94188P101,US94188P1012,BJ7BVV6,-
CLBK,COLUMBIA FINANCIAL INC,Financials,Equity,"$125,448.75 ",0,"125,448.75","8,505.00",197641103,US1976411033,BFMB9P3,-
KODK,EASTMAN KODAK,Information Technology,Equity,"$125,462.26 ",0,"125,462.26","19,789.00",277461406,US2774614067,BDZDSJ9,-
UDMY,UDEMY INC,Consumer Discretionary,Equity,"$125,608.92 ",0,"125,608.92","22,056.00",902685106,US9026851066,BPBLNG3,-
NUS,NU SKIN ENTERPRISES INC CLASS A,Consumer Staples,Equity,"$125,638.40 ",0,"125,638.40","11,720.00",67018T105,US67018T1051,2616870,-
CCNE,CNB FINANCIAL CORP,Financials,Equity,"$122,877.00 ",0,"122,877.00","4,995.00",126128107,US1261281075,2619705,-
CMPX,COMPASS THERAPEUTICS,Health Care,Equity,"$122,945.02 ",0,"122,945.02","32,873.00",20454B104,US20454B1044,BMF7DQ6,-
FSBW,FS BANCORP INC,Financials,Equity,"$123,072.89 ",0,"123,072.89","3,181.00",30263Y104,US30263Y1047,B4Z5FD5,-
HBT,HBT FINANCIAL INC,Financials,Equity,"$123,315.84 ",0,"123,315.84","5,056.00",404111106,US4041111067,BJBZRJ4,-
IOVA,IOVANCE BIOTHERAPEUTICS INC,Health Care,Equity,"$123,453.99 ",0,"123,453.99","62,667.00",462260100,US4622601007,BF0DMK7,-
OSPN,ONESPAN INC,Information Technology,Equity,"$123,678.60 ",0,"123,678.60","10,849.00",68287N100,US68287N1000,BFNSSD4,-
NFBK,NORTHFIELD BANCORP INC,Financials,Equity,"$123,764.20 ",0,"123,764.20","12,110.00",66611T108,US66611T1088,B8NB2R6,-
WRLD,WORLD ACCEPTANCE CORP,Financials,Equity,"$124,028.31 ",0,"124,028.31",973,981419104,US9814191048,2981181,-
MLR,MILLER INDUSTRIES INC,Industrials,Equity,"$120,901.68 ",0,"120,901.68","3,012.00",600551204,US6005512040,2801193,-
CMCL,CALEDONIA MINING PLC,Materials,Equity,"$121,084.72 ",0,"121,084.72","4,306.00",-,JE00BF0XVB15,BF0XVC2,-
UHAL,U HAUL HOLDING,Industrials,Equity,"$121,098.48 ",0,"121,098.48","2,278.00",23586100,US0235861004,2028174,-
PGC,PEAPACK GLADSTONE FINANCIAL CORP,Financials,Equity,"$121,262.90 ",0,"121,262.90","4,793.00",704699107,US7046991078,2307732,-
ANGO,ANGIODYNAMICS INC,Health Care,Equity,"$121,430.82 ",0,"121,430.82","10,094.00",03475V101,US03475V1017,B00CR04,-
MNRO,MONRO INC,Consumer Discretionary,Equity,"$121,800.10 ",0,"121,800.10","8,314.00",610236101,US6102361010,2600088,-
UHT,UNIVERSAL HEALTH REALTY INCOME TRU,Real Estate,Equity,"$122,189.34 ",0,"122,189.34","3,197.00",9.14E+109,US91359E1055,2927497,-
PHAT,PHATHOM PHARMACEUTICALS INC,Health Care,Equity,"$122,193.90 ",0,"122,193.90","9,018.00",71722W107,US71722W1071,BJLKVS6,-
JBSS,JOHN B SANFILIPPO AND SON INC,Consumer Staples,Equity,"$122,421.00 ",0,"122,421.00","1,950.00",800422107,US8004221078,2772998,-
TIPT,TIPTREE INC,Financials,Equity,"$119,347.69 ",0,"119,347.69","6,739.00",88822Q103,US88822Q1031,BC30V41,-
ALX,ALEXANDERS REIT INC,Real Estate,Equity,"$120,185.92 ",0,"120,185.92",544,14752109,US0147521092,2014021,-
VPG,VISHAY PRECISION GROUP INC,Information Technology,Equity,"$120,321.52 ",0,"120,321.52","3,212.00",92835K103,US92835K1034,B603LG3,-
WTBA,WEST BANCORPORATION INC,Financials,Equity,"$120,473.28 ",0,"120,473.28","5,664.00",95123P106,US95123P1066,2408840,-
PKE,PARK AEROSPACE CORP,Industrials,Equity,"$120,478.08 ",0,"120,478.08","6,288.00",70014A104,US70014A1043,BK9TGC1,-
TSBK,TIMBERLAND BANCORP INC,Financials,Equity,"$120,642.72 ",0,"120,642.72","3,756.00",887098101,US8870981011,2147734,-
SD,SANDRIDGE ENERGY INC,Energy,Equity,"$117,551.70 ",0,"117,551.70","9,870.00",80007P869,US80007P8692,BD1XH30,-
TROX,TRONOX HOLDINGS PLC,Materials,Equity,"$117,568.50 ",0,"117,568.50","33,591.00",-,GB00BJT16S69,BJT16S6,-
HELE,HELEN OF TROY LTD,Consumer Discretionary,Equity,"$117,685.71 ",0,"117,685.71","6,317.00",G4388N106,BMG4388N1065,2419530,-
FRPH,FRP HOLDINGS INC,Real Estate,Equity,"$117,789.00 ",0,"117,789.00","4,970.00",30292L107,US30292L1070,BTCB1W2,-
CLNE,CLEAN ENERGY FUELS CORP,Energy,Equity,"$118,172.34 ",0,"118,172.34","41,319.00",184499101,US1844991018,B1Y1PC2,-
VIR,VIR BIOTECHNOLOGY INC,Health Care,Equity,"$118,270.24 ",0,"118,270.24","19,844.00",92764N102,US92764N1028,BK4PZ38,-
CLFD,CLEARFIELD INC,Information Technology,Equity,"$118,572.70 ",0,"118,572.70","3,359.00",18482P103,US18482P1030,2002059,-
AVO,MISSION PRODUCE INC,Consumer Staples,Equity,"$119,001.60 ",0,"119,001.60","10,330.00",60510V108,US60510V1089,BLNPMM4,-
GEFB,GREIF INC CLASS B,Materials,Equity,"$116,308.35 ",0,"116,308.35","1,973.00",397624206,US3976242061,2394080,-
SRTA,STRATA CRITICAL MEDICAL INC CLASS,Industrials,Equity,"$116,338.87 ",0,"116,338.87","23,129.00",92667104,US0926671043,BL9ZHM3,-
FLGT,FULGENT GENETICS INC,Health Care,Equity,"$116,358.35 ",0,"116,358.35","5,183.00",359664109,US3596641098,BYQBFQ5,-
CAL,CALERES INC,Consumer Discretionary,Equity,"$116,427.84 ",0,"116,427.84","10,546.00",129500104,US1295001044,BWX4MD9,-
ALRS,ALERUS FINANCIAL CORP,Financials,Equity,"$116,540.16 ",0,"116,540.16","5,518.00",01446U103,US01446U1034,2679141,-
RGNX,REGENXBIO INC,Health Care,Equity,"$116,896.58 ",0,"116,896.58","9,154.00",75901B107,US75901B1070,BZ0G875,-
PRTA,PROTHENA PLC,Health Care,Equity,"$114,165.00 ",0,"114,165.00","10,620.00",-,IE00B91XRN20,B91XRN2,-
BMRC,BANK OF MARIN BANCORP,Financials,Equity,"$114,407.25 ",0,"114,407.25","4,443.00",63425102,US0634251021,2647375,-
LOCO,EL POLLO LOCO INC,Consumer Discretionary,Equity,"$114,678.62 ",0,"114,678.62","11,221.00",268603107,US2686031079,BP857F5,-
FFIC,FLUSHING FINANCIAL CORP,Financials,Equity,"$114,759.65 ",0,"114,759.65","8,395.00",343873105,US3438731057,2360111,-
BYRN,BYRNA TECHNOLOGIES INC,Industrials,Equity,"$115,202.25 ",0,"115,202.25","5,689.00",12448X201,US12448X2018,BNKSW31,-
EHAB,ENHABIT INC,Health Care,Equity,"$115,486.65 ",0,"115,486.65","14,205.00",29332G102,US29332G1022,BQFMQ93,-
ZUMZ,ZUMIEZ INC,Consumer Discretionary,Equity,"$115,524.40 ",0,"115,524.40","5,336.00",989817101,US9898171015,B081QB7,-
NGVC,NATURAL GROCERS BY VITAMIN COTTAGE,Consumer Staples,Equity,"$112,186.64 ",0,"112,186.64","3,496.00",63888U108,US63888U1088,B82C9Z7,-
GRNT,GRANITE RIDGE RESOURCES INC,Energy,Equity,"$112,786.08 ",0,"112,786.08","21,361.00",387432107,US3874321074,BPJKCW1,-
VTLE,VITAL ENERGY INC,Energy,Equity,"$113,096.29 ",0,"113,096.29","7,199.00",516806205,US5168062058,BLBCYD2,-
IBRX,IMMUNITYBIO INC,Health Care,Equity,"$113,100.00 ",0,"113,100.00","47,125.00",45256X103,US45256X1037,BNSP0B8,-
VREX,VAREX IMAGING CORP,Health Care,Equity,"$113,252.72 ",0,"113,252.72","9,688.00",92214X106,US92214X1063,BDQYWV1,-
CTO,CTO REALTY GROWTH INC,Real Estate,Equity,"$110,421.60 ",0,"110,421.60","6,620.00",22948Q101,US22948Q1013,BN7JWR1,-
GOOD,GLADSTONE COMMERCIAL REIT CORP,Real Estate,Equity,"$110,425.23 ",0,"110,425.23","9,661.00",376536108,US3765361080,2918479,-
DIN,DINE BRANDS GLOBAL INC,Consumer Discretionary,Equity,"$111,091.68 ",0,"111,091.68","4,494.00",254423106,US2544231069,2456957,-
CZNC,CITIZENS AND NORTHERN CORP,Financials,Equity,"$111,107.04 ",0,"111,107.04","5,739.00",172922106,US1729221069,2420662,-
GIC,GLOBAL INDUSTRIAL,Industrials,Equity,"$111,264.30 ",0,"111,264.30","3,915.00",3.79E+106,US37892E1029,BNBY595,-
RYAM,RAYONIER ADVANCED MATERIALS INC,Materials,Equity,"$111,311.20 ",0,"111,311.20","16,016.00",75508B104,US75508B1044,BN458W9,-
JMSB,JOHN MARSHALL BANCORP INC,Financials,Equity,"$111,410.30 ",0,"111,410.30","5,833.00",47805L101,US47805L1017,BF04JD2,-
MCW,MISTER CAR WASH INC,Consumer Discretionary,Equity,"$111,581.99 ",0,"111,581.99","19,961.00",60646V105,US60646V1052,BNRRP65,-
KELYA,KELLY SERVICES INC CLASS A,Industrials,Equity,"$111,674.02 ",0,"111,674.02","9,962.00",488152208,US4881522084,2487117,-
RC,READY CAPITAL CORP,Financials,Equity,"$111,870.33 ",0,"111,870.33","38,181.00",75574U101,US75574U1016,BDFS3G6,-
PRTH,PRIORITY TECHNOLOGY HOLDINGS INC,Financials,Equity,"$108,624.72 ",0,"108,624.72","15,607.00",74275G107,US74275G1076,BZ9NRB4,-
SFIX,STITCH FIX INC CLASS A,Consumer Discretionary,Equity,"$108,747.26 ",0,"108,747.26","25,954.00",860897107,US8608971078,BF3FPW3,-
XRX,XEROX HOLDINGS CORP,Information Technology,Equity,"$110,084.56 ",0,"110,084.56","33,158.00",98421M106,US98421M1062,BJJD5G3,-
CTKB,CYTEK BIOSCIENCES INC,Health Care,Equity,"$107,324.10 ",0,"107,324.10","27,519.00",23285D109,US23285D1090,BP0TJS2,-
TCMD,TACTILE SYSTEMS TECHNOLOGY INC,Health Care,Equity,"$107,660.08 ",0,"107,660.08","7,144.00",87357P100,US87357P1003,BZB1XF2,-
DSGR,DISTRIBUTION SOLUTIONS GROUP INC,Industrials,Equity,"$107,801.62 ",0,"107,801.62","3,943.00",520776105,US5207761058,2508126,-
SPOK,SPOK HOLDINGS INC,Communication,Equity,"$108,189.59 ",0,"108,189.59","7,571.00",84863T106,US84863T1060,BNZB473,-
NBR,NABORS INDUSTRIES LTD,Energy,Equity,"$108,199.60 ",0,"108,199.60","2,230.00",-,BMG6359F1370,BK953M8,-
NBN,NORTHEAST BANK,Financials,Equity,"$108,281.40 ",0,"108,281.40","1,255.00",66405S100,US66405S1006,BJXSDM6,-
EGY,VAALCO ENERGY INC,Energy,Equity,"$108,302.94 ",0,"108,302.94","27,558.00",91851C201,US91851C2017,2933353,-
NLOP,NET LEASE OFFICE PROPERTIES,Real Estate,Equity,"$108,536.30 ",0,"108,536.30","3,698.00",64110Y108,US64110Y1082,BS44H79,-
CRNC,CERENCE INC,Information Technology,Equity,"$105,164.73 ",0,"105,164.73","9,801.00",156727109,US1567271093,BJNPYY6,-
EBF,ENNIS INC,Industrials,Equity,"$105,484.80 ",0,"105,484.80","6,432.00",293389102,US2933891028,2316103,-
OPRX,OPTIMIZERX CORP,Health Care,Equity,"$105,605.46 ",0,"105,605.46","5,154.00",68401U204,US68401U2042,BF5MM09,-
ACTG,ACACIA RESEARCH CORP,Financials,Equity,"$105,907.87 ",0,"105,907.87","30,521.00",3881307,US0038813079,2169589,-
CMCO,COLUMBUS MCKINNON CORP,Industrials,Equity,"$106,014.36 ",0,"106,014.36","6,532.00",199333105,US1993331057,2211071,-
NCMI,NATIONAL CINEMEDIA INC,Communication,Equity,"$106,362.88 ",0,"106,362.88","24,064.00",635309206,US6353092066,BPSK9J8,-
AMBC,AMBAC FINANCIAL GROUP INC,Financials,Equity,"$106,598.64 ",0,"106,598.64","12,984.00",23139884,US0231398845,B7ZKH46,-
RES,RPC INC,Energy,Equity,"$106,808.00 ",0,"106,808.00","20,540.00",749660106,US7496601060,2719456,-
MCS,THE MARCUS CORP,Communication,Equity,"$103,478.40 ",0,"103,478.40","7,186.00",566330106,US5663301068,2564827,-
TNGX,TANGO THERAPEUTICS INC,Health Care,Equity,"$103,572.81 ",0,"103,572.81","12,771.00",87583X109,US87583X1090,BP2P6L0,-
MCFT,MASTERCRAFT BOAT HOLDINGS INC,Consumer Discretionary,Equity,"$103,629.96 ",0,"103,629.96","5,166.00",57637H103,US57637H1032,BDTYR13,-
LMNR,LIMONEIRA,Consumer Staples,Equity,"$103,671.81 ",0,"103,671.81","7,337.00",532746104,US5327461043,2101763,-
FWRG,FIRST WATCH RESTAURANT GROUP INC,Consumer Discretionary,Equity,"$103,870.51 ",0,"103,870.51","6,299.00",33748L101,US33748L1017,BMDTR28,-
GDEN,GOLDEN ENTERTAINMENT INC,Consumer Discretionary,Equity,"$104,211.80 ",0,"104,211.80","5,159.00",381013101,US3810131017,BYNH8R8,-
SRDX,SURMODICS INC,Health Care,Equity,"$104,225.57 ",0,"104,225.57","3,799.00",868873100,US8688731004,2502678,-
OLMA,OLEMA PHARMACEUTICALS INC,Health Care,Equity,"$104,312.13 ",0,"104,312.13","11,629.00",68062P106,US68062P1066,BMZ4LN0,-
BOW,BOWHEAD SPECIALTY HOLDINGS INC,Financials,Equity,"$104,393.72 ",0,"104,393.72","4,357.00",10240L102,US10240L1026,BNRR231,-
KROS,KEROS THERAPEUTICS INC,Health Care,Equity,"$104,454.86 ",0,"104,454.86","6,863.00",492327101,US4923271013,BM7V485,-
FRST,PRIMIS FINANCIAL CORP,Financials,Equity,"$104,474.23 ",0,"104,474.23","9,598.00",74167B109,US74167B1098,BMTRDW8,-
GDYN,GRID DYNAMICS HOLDINGS INC CLASS A,Information Technology,Equity,"$104,701.40 ",0,"104,701.40","11,210.00",39813G109,US39813G1094,BLCHF11,-
SHBI,SHORE BANCSHARES INC,Financials,Equity,"$104,946.03 ",0,"104,946.03","6,723.00",825107105,US8251071051,2748869,-
TYRA,TYRA BIOSCIENCES INC,Health Care,Equity,"$101,645.28 ",0,"101,645.28","6,417.00",90240B106,US90240B1061,BMVNDH9,-
HDSN,HUDSON TECHNOLOGIES INC,Industrials,Equity,"$101,649.07 ",0,"101,649.07","11,201.00",444144109,US4441441098,2730532,-
AEBI,AEBI SCHMIDT HOLDING AG,Industrials,Equity,"$101,922.15 ",0,"101,922.15","9,141.00",-,CH0027352993,BRJHSC8,-
FMAO,FARMERS AND MERCHANTS BANCORP INC,Financials,Equity,"$102,554.90 ",0,"102,554.90","4,291.00",30779N105,US30779N1054,2120865,-
ACCO,ACCO BRANDS CORP,Industrials,Equity,"$103,114.24 ",0,"103,114.24","27,424.00",00081T108,US00081T1088,B0G7SZ5,-
FDBC,FIDELITY D AND D BANCORP INC,Financials,Equity,"$99,939.84 ",0,"99,939.84","2,288.00",31609R100,US31609R1005,2610913,-
CTOS,CUSTOM TRUCK ONE SOURCE INC,Industrials,Equity,"$100,130.00 ",0,"100,130.00","17,000.00",23204X103,US23204X1037,BL66YS4,-
SCVL,SHOE CARNIVAL INC,Consumer Discretionary,Equity,"$100,173.45 ",0,"100,173.45","5,465.00",824889109,US8248891090,2805474,-
YORW,YORK WATER,Utilities,Equity,"$101,008.57 ",0,"101,008.57","3,251.00",987184108,US9871841089,2425292,-
MBI,MBIA INC,Financials,Equity,"$101,234.26 ",0,"101,234.26","14,822.00",55262C100,US55262C1009,2547044,-
FPI,FARMLAND PARTNERS INC,Real Estate,Equity,"$101,513.63 ",0,"101,513.63","10,121.00",31154R109,US31154R1095,BKZH191,-
PX,P10 INC CLASS A,Financials,Equity,"$98,308.16 ",0,"98,308.16","9,676.00",69376K106,US69376K1060,BLB56T1,-
ZIP,ZIPRECRUITER INC CLASS A,Communication,Equity,"$98,538.15 ",0,"98,538.15","21,191.00",98980B103,US98980B1035,BMGH6N3,-
KRNY,KEARNY FINANCIAL CORP,Financials,Equity,"$98,795.79 ",0,"98,795.79","15,461.00",48716P108,US48716P1084,BY3H7G0,-
HVT,HAVERTY FURNITURE COMPANIES INC,Consumer Discretionary,Equity,"$98,842.92 ",0,"98,842.92","4,532.00",419596101,US4195961010,2414245,-
GPRE,GREEN PLAINS INC,Energy,Equity,"$99,109.48 ",0,"99,109.48","9,641.00",393222104,US3932221043,B11FJD6,-
RMNI,RIMINI STREET INC,Information Technology,Equity,"$99,149.76 ",0,"99,149.76","24,912.00",76674Q107,US76674Q1076,BDD0HG2,-
SIGA,SIGA TECHNOLOGIES INC,Health Care,Equity,"$99,153.00 ",0,"99,153.00","11,975.00",826917106,US8269171067,2107437,-
WNC,WABASH NATIONAL CORP,Industrials,Equity,"$99,383.84 ",0,"99,383.84","12,392.00",929566107,US9295661071,2932048,-
MITK,MITEK SYSTEMS INC,Information Technology,Equity,"$99,642.99 ",0,"99,642.99","10,819.00",606710200,US6067102003,2597072,-
WASH,WASHINGTON TRUST BANCORP INC,Financials,Equity,"$96,538.56 ",0,"96,538.56","3,544.00",940610108,US9406101082,2942025,-
LAB,STANDARD BIOTOOLS INC,Health Care,Equity,"$96,704.40 ",0,"96,704.40","80,587.00",34385P108,US34385P1084,B3D32T9,-
CNDT,CONDUENT INC,Industrials,Equity,"$96,720.82 ",0,"96,720.82","40,639.00",206787103,US2067871036,BYWLRV8,-
GTN,GRAY MEDIA INC,Communication,Equity,"$96,979.97 ",0,"96,979.97","21,221.00",389375106,US3893751061,2390817,-
PKST,PEAKSTONE REALTY TRUST CLASS E,Real Estate,Equity,"$97,542.20 ",0,"97,542.20","7,220.00",39818P799,US39818P7996,BMW6894,-
MLAB,MESA LABORATORIES INC,Health Care,Equity,"$97,698.51 ",0,"97,698.51","1,359.00",59064R109,US59064R1095,2553814,-
WEAV,WEAVE COMMUNICATIONS INC,Information Technology,Equity,"$98,056.53 ",0,"98,056.53","13,233.00",94724R108,US94724R1086,BMDW0R3,-
AKBA,AKEBIA THERAPEUTICS INC,Health Care,Equity,"$98,090.85 ",0,"98,090.85","44,385.00",00972D105,US00972D1054,BKKMP44,-
REFI,CHICAGO ATLANTIC REAL ESTATE FINAN,Financials,Equity,"$94,842.50 ",0,"94,842.50","7,375.00",167239102,US1672391026,BMZQY71,-
MAX,MEDIAALPHA INC CLASS A,Communication,Equity,"$95,140.50 ",0,"95,140.50","7,462.00",58450V104,US58450V1044,BLR8XV5,-
HY,HYSTER YALE INC CLASS A,Industrials,Equity,"$95,276.94 ",0,"95,276.94","2,651.00",449172105,US4491721050,B7LG306,-
AHH,ARMADA HOFFLER PROPERTIES REIT INC,Real Estate,Equity,"$95,706.36 ",0,"95,706.36","14,634.00",04208T108,US04208T1088,B96FTB5,-
ZEUS,OLYMPIC STEEL INC,Materials,Equity,"$92,981.00 ",0,"92,981.00","2,513.00",68162K106,US68162K1060,2659013,-
DOMO,DOMO INC CLASS B,Information Technology,Equity,"$93,201.10 ",0,"93,201.10","6,803.00",257554105,US2575541055,BFZNZC5,-
BFS,SAUL CENTERS REIT INC,Real Estate,Equity,"$93,271.50 ",0,"93,271.50","3,150.00",804395101,US8043951016,2777777,-
JELD,JELD WEN HOLDING INC,Industrials,Equity,"$93,275.28 ",0,"93,275.28","21,492.00",47580P103,US47580P1030,BYM4WL2,-
PUBM,PUBMATIC INC CLASS A,Communication,Equity,"$93,765.76 ",0,"93,765.76","11,216.00",74467Q103,US74467Q1031,BNHP503,-
PACK,RANPAK HOLDINGS CORP CLASS A,Materials,Equity,"$93,836.50 ",0,"93,836.50","17,705.00",75321W103,US75321W1036,BKBQD30,-
BVS,BIOVENTUS CLASS A INC,Health Care,Equity,"$94,673.70 ",0,"94,673.70","14,454.00",09075A108,US09075A1088,BD6P6L2,-
CBLL,CERIBELL INC,Health Care,Equity,"$91,234.20 ",0,"91,234.20","8,003.00",15678C102,US15678C1027,BQFN254,-
GCO,GENESCO INC,Consumer Discretionary,Equity,"$91,323.48 ",0,"91,323.48","3,148.00",371532102,US3715321028,2367101,-
SVC,SERVICE PROPERTIES TRUST,Real Estate,Equity,"$91,463.60 ",0,"91,463.60","42,740.00",81761L102,US81761L1026,BKRT1C8,-
OLP,ONE LIBERTY PROPERTIES REIT INC,Real Estate,Equity,"$91,550.13 ",0,"91,550.13","4,557.00",682406103,US6824061039,2659615,-
ALT,ALTIMMUNE INC,Health Care,Equity,"$91,578.60 ",0,"91,578.60","22,612.00",02155H200,US02155H2004,BFY7DC4,-
LILA,LIBERTY LATIN AMERICA LTD CLASS A,Communication,Equity,"$91,634.40 ",0,"91,634.40","11,748.00",-,BMG9001E1021,BD9Q3P5,-
HTLD,HEARTLAND EXPRESS INC,Industrials,Equity,"$91,673.40 ",0,"91,673.40","11,753.00",422347104,US4223471040,2414018,-
SLQT,SELECTQUOTE INC,Financials,Equity,"$91,777.92 ",0,"91,777.92","44,124.00",816307300,US8163073005,BMFYH21,-
TERN,TERNS PHARMACEUTICALS INC,Health Care,Equity,"$91,851.20 ",0,"91,851.20","11,120.00",880881107,US8808811074,BMDJ0C9,-
CYRX,CRYOPORT INC,Health Care,Equity,"$92,159.76 ",0,"92,159.76","9,974.00",229050307,US2290503075,BY2ZKK0,-
PLTK,PLAYTIKA HOLDING CORP,Communication,Equity,"$92,377.57 ",0,"92,377.57","25,171.00",72815L107,US72815L1070,BNRQKQ7,-
MTW,MANITOWOC INC,Industrials,Equity,"$92,384.28 ",0,"92,384.28","9,084.00",563571405,US5635714059,BDFCGV4,-
MGPI,MGP INGREDIENTS INC,Consumer Staples,Equity,"$92,516.60 ",0,"92,516.60","3,823.00",55303J106,US55303J1060,B6ZJTH3,-
MRVI,MARAVAI LIFESCIENCES HOLDINGS INC,Health Care,Equity,"$92,529.52 ",0,"92,529.52","29,468.00",56600D107,US56600D1072,BMCWKZ2,-
TITN,TITAN MACHINERY INC,Industrials,Equity,"$92,676.40 ",0,"92,676.40","5,651.00",88830R101,US88830R1014,B29H3T5,-
REAX,REAL BROKERAGE INC,Real Estate,Equity,"$92,694.96 ",0,"92,694.96","24,918.00",75585H206,CA75585H2063,BM9W3L2,-
FNLC,FIRST BANCORP INC,Financials,Equity,"$92,739.39 ",0,"92,739.39","3,741.00",31866P102,US31866P1021,2353047,-
MSBI,MIDLAND STATES BANCORP INC,Financials,Equity,"$89,889.60 ",0,"89,889.60","6,140.00",597742105,US5977421057,B6VRG58,-
RBB,RBB BANCORP,Financials,Equity,"$89,982.90 ",0,"89,982.90","4,830.00",74930B105,US74930B1052,B8BBRW8,-
CVGW,CALAVO GROWERS INC,Consumer Staples,Equity,"$90,594.59 ",0,"90,594.59","4,079.00",128246105,US1282461052,2859200,-
ARKO,ARKO,Consumer Discretionary,Equity,"$90,619.66 ",0,"90,619.66","20,572.00",41242108,US0412421085,BMH73N1,-
CMRC,BIGCOMMERCE HOLDINGS INC SERIES,Information Technology,Equity,"$90,974.87 ",0,"90,974.87","19,649.00",08975P108,US08975P1084,BMDCDP2,-
BBBY,BED BATH AND BEYOND INC,Consumer Discretionary,Equity,"$87,909.42 ",0,"87,909.42","11,402.00",690370101,US6903701018,2855930,-
RPAY,REPAY HOLDINGS CORP CLASS A,Financials,Equity,"$88,421.19 ",0,"88,421.19","20,611.00",76029L100,US76029L1008,BK5TLP3,-
CIO,CITY OFFICE REIT INC,Real Estate,Equity,"$89,030.70 ",0,"89,030.70","12,903.00",178587101,US1785871013,BL25F37,-
GRND,GRINDR INC,Communication,Equity,"$89,105.94 ",0,"89,105.94","6,429.00",39854F101,US39854F1012,BP4XXM2,-
JACK,JACK IN THE BOX INC,Consumer Discretionary,Equity,"$86,118.76 ",0,"86,118.76","5,369.00",466367109,US4663671091,2344922,-
ARCT,ARCTURUS THERAPEUTICS HOLDINGS INC,Health Care,Equity,"$86,320.26 ",0,"86,320.26","8,658.00",03969T109,US03969T1097,BKC9SX3,-
DHIL,DIAMOND HILL INVESTMENT GROUP INC,Financials,Equity,"$86,507.90 ",0,"86,507.90",674,25264R207,US25264R2076,2801137,-
SITC,SITE CENTERS CORP,Real Estate,Equity,"$86,801.86 ",0,"86,801.86","11,842.00",82981J851,US82981J8514,BSWVTJ8,-
AVNW,AVIAT NETWORKS INC,Information Technology,Equity,"$87,160.32 ",0,"87,160.32","3,492.00",05366Y201,US05366Y2019,BZ9NWS6,-
SEMR,SEMRUSH HOLDINGS INC CLASS A,Information Technology,Equity,"$87,446.70 ",0,"87,446.70","12,045.00",81686C104,US81686C1045,BMFPJH3,-
LXFR,LUXFER HOLDINGS PLC,Industrials,Equity,"$87,547.20 ",0,"87,547.20","7,176.00",-,GB00BNK03D49,BF5GRT5,-
DDD,3D SYSTEMS CORP,Industrials,Equity,"$87,690.46 ",0,"87,690.46","30,661.00",88554D205,US88554D2053,2889768,-
PSFE,PAYSAFE LTD,Financials,Equity,"$84,358.62 ",0,"84,358.62","7,662.00",-,BMG6964L2062,BPCPXY2,-
CLMB,CLIMB GLOBAL SOLUTIONS INC,Information Technology,Equity,"$84,754.04 ",0,"84,754.04",763,946760105,US9467601053,2690476,-
REPX,RILEY EXPLORATION PERMIAN INC,Energy,Equity,"$84,877.24 ",0,"84,877.24","3,262.00",76665T102,US76665T1025,BNW2543,-
KRUS,KURA SUSHI USA INC,Consumer Discretionary,Equity,"$84,939.56 ",0,"84,939.56","1,492.00",501270102,US5012701026,BKDV6G7,-
NVEC,NVE CORP,Information Technology,Equity,"$85,552.95 ",0,"85,552.95","1,239.00",629445206,US6294452064,2072126,-
PANL,PANGAEA LOGISTICS SOLUTIONS LTD,Industrials,Equity,"$82,655.10 ",0,"82,655.10","16,698.00",747717106,BMG6891L1054,BRGCNJ8,-
LAND,GLADSTONE LAND REIT CORP,Real Estate,Equity,"$82,844.64 ",0,"82,844.64","9,144.00",376549101,US3765491010,B83TNY4,-
IHRT,IHEARTMEDIA INC CLASS A,Communication,Equity,"$83,041.20 ",0,"83,041.20","27,960.00",45174J509,US45174J5092,BJVR9Y9,-
TWI,TITAN INTERNATIONAL INC,Industrials,Equity,"$83,284.05 ",0,"83,284.05","11,031.00",88830M102,US88830M1027,2890265,-
OEC,ORION SA,Materials,Equity,"$83,623.40 ",0,"83,623.40","15,778.00",-,LU1092234845,BP8FKJ0,-
CHCT,COMMUNITY HEALTHCARE TRUST INC,Real Estate,Equity,"$83,679.28 ",0,"83,679.28","5,708.00",20369C106,US20369C1062,BXC87C3,-
EVGO,EVGO INC CLASS A,Consumer Discretionary,Equity,"$84,016.62 ",0,"84,016.62","20,442.00",30052F100,US30052F1003,BP2Q7L0,-
CLDT,CHATHAM LODGING TRUST REIT,Real Estate,Equity,"$81,433.60 ",0,"81,433.60","12,724.00",16208T102,US16208T1025,B5LYMC1,-
XPER,XPERI INC,Information Technology,Equity,"$82,219.20 ",0,"82,219.20","12,235.00",98423J101,US98423J1016,BQV3RS6,-
CRSR,CORSAIR GAMING INC,Information Technology,Equity,"$82,257.95 ",0,"82,257.95","10,093.00",22041X102,US22041X1028,BMGWSJ8,-
ONTF,ON24 INC,Information Technology,Equity,"$82,474.32 ",0,"82,474.32","14,941.00",68339B104,US68339B1044,BMBKL65,-
RBBN,RIBBON COMMUNICATIONS INC,Information Technology,Equity,"$77,760.48 ",0,"77,760.48","23,143.00",762544104,US7625441040,BD2BLX1,-
TG,TREDEGAR CORP,Materials,Equity,"$77,813.51 ",0,"77,813.51","11,261.00",894650100,US8946501009,2903345,-
MOV,MOVADO GROUP INC,Consumer Discretionary,Equity,"$78,211.95 ",0,"78,211.95","4,295.00",624580106,US6245801062,2643168,-
CENT,CENTRAL GARDEN AND PET,Consumer Staples,Equity,"$78,300.51 ",0,"78,300.51","2,553.00",153527106,US1535271068,2183868,-
TRUE,TRUECAR INC,Communication,Equity,"$78,641.20 ",0,"78,641.20","35,746.00",89785L107,US89785L1070,BMH0MS8,-
OOMA,OOMA INC,Information Technology,Equity,"$78,733.53 ",0,"78,733.53","7,011.00",683416101,US6834161019,BY7R2L6,-
CLW,CLEARWATER PAPER CORP,Materials,Equity,"$78,771.95 ",0,"78,771.95","4,463.00",18538R103,US18538R1032,B3K9Z35,-
DNUT,KRISPY KREME INC,Consumer Discretionary,Equity,"$79,023.08 ",0,"79,023.08","22,012.00",50101L106,US50101L1061,BL97B49,-
RDW,REDWIRE CORP,Industrials,Equity,"$75,953.37 ",0,"75,953.37","9,651.00",75776W103,US75776W1036,BL5FDV8,-
IPI,INTREPID POTASH INC,Materials,Equity,"$76,108.54 ",0,"76,108.54","2,858.00",46121Y201,US46121Y2019,BMDNMT2,-
OMI,OWENS & MINOR INC,Health Care,Equity,"$76,462.20 ",0,"76,462.20","19,260.00",690732102,US6907321029,2665128,-
IRWD,IRONWOOD PHARMA INC CLASS A,Health Care,Equity,"$76,490.88 ",0,"76,490.88","39,839.00",46333X108,US46333X1081,B3MZ6K5,-
BRY,BERRY,Energy,Equity,"$76,552.92 ",0,"76,552.92","22,716.00",08579X101,US08579X1019,BF01Q65,-
NFE,NEW FORTRESS ENERGY INC CLASS A,Energy,Equity,"$73,870.56 ",0,"73,870.56","57,264.00",644393100,US6443931000,BH3Z4P3,-
CMTG,CLAROS MORTGAGE TRUST INC,Financials,Equity,"$74,211.20 ",0,"74,211.20","23,191.00",18270D106,US18270D1063,BNTW041,-
QSI,QUANTUM SI INC CLASS A,Health Care,Equity,"$74,286.80 ",0,"74,286.80","34,552.00",74765K105,US74765K1051,BNR5QT9,-
VMD,VIEMED HEALTHCARE INC,Health Care,Equity,"$74,361.06 ",0,"74,361.06","11,511.00",92663R105,CA92663R1055,BFFK5Z9,-
CZFS,CITIZENS FINANCIAL SERVICES INC,Financials,Equity,"$74,733.56 ",0,"74,733.56","1,364.00",174615104,US1746151042,2651592,-
WOW,WIDEOPENWEST INC,Communication,Equity,"$75,149.37 ",0,"75,149.37","14,649.00",96758W101,US96758W1018,BYQN8D9,-
NXDR,NEXTDOOR HOLDINGS INC CLASS A,Communication,Equity,"$75,416.25 ",0,"75,416.25","38,675.00",65345M108,US65345M1080,BMFPWT6,-
USNA,USANA HEALTH SCIENCES INC,Consumer Staples,Equity,"$75,547.80 ",0,"75,547.80","3,572.00",90328M107,US90328M1071,2267698,-
RICK,RCI HOSPITALITY HOLDINGS INC,Consumer Discretionary,Equity,"$72,413.37 ",0,"72,413.37","2,907.00",74934Q108,US74934Q1085,BQ0QT80,-
ANNX,ANNEXON INC,Health Care,Equity,"$72,455.64 ",0,"72,455.64","22,929.00",03589W102,US03589W1027,BMVV9R5,-
CMT,CORE MOLDING TECHNOLOGIES INC,Materials,Equity,"$72,714.60 ",0,"72,714.60","4,060.00",218683100,US2186831002,2761123,-
TH,TARGET HOSPITALITY CORP,Consumer Discretionary,Equity,"$72,878.13 ",0,"72,878.13","9,477.00",87615L107,US87615L1070,BJMYWL7,-
FC,FRANKLIN COVEY,Industrials,Equity,"$73,319.64 ",0,"73,319.64","4,318.00",353469109,US3534691098,2352839,-
ALDX,ALDEYRA THERAPEUTICS INC,Health Care,Equity,"$73,403.46 ",0,"73,403.46","14,478.00",01438T106,US01438T1060,BLD36T3,-
WOOF,PETCO HEALTH AND WELLNESS COMPANY,Consumer Discretionary,Equity,"$73,515.24 ",0,"73,515.24","23,118.00",71601V105,US71601V1052,BNRQM83,-
EOLS,EVOLUS INC,Health Care,Equity,"$73,727.98 ",0,"73,727.98","11,413.00",30052C107,US30052C1071,BDRJH21,-
GMRE,GLOBAL MEDICAL REIT INC,Real Estate,Equity,"$70,487.20 ",0,"70,487.20","2,296.00",37954A303,US37954A3032,BW0WPK4,-
SLP,SIMULATIONS PLUS INC,Health Care,Equity,"$70,541.08 ",0,"70,541.08","4,106.00",829214105,US8292141053,2122560,-
INBK,FIRST INTERNET BANCORP,Financials,Equity,"$70,551.98 ",0,"70,551.98","3,977.00",320557101,US3205571017,B0406N0,-
RXST,RXSIGHT INC,Health Care,Equity,"$70,821.03 ",0,"70,821.03","8,057.00",78349D107,US78349D1072,BMJ0GR3,-
GETY,GETTY IMAGES HOLDINGS INC CLASS A,Communication,Equity,"$71,759.60 ",0,"71,759.60","38,170.00",374275105,US3742751056,BQ3R1Y0,-
BLFY,BLUE FOUNDRY BANCORP,Financials,Equity,"$72,034.08 ",0,"72,034.08","8,742.00",09549B104,US09549B1044,BNNTGD9,-
WTI,W AND T OFFSHORE INC,Energy,Equity,"$68,781.30 ",0,"68,781.30","32,753.00",92922P106,US92922P1066,B01Z7M4,-
RCKT,ROCKET PHARMACEUTICALS INC,Health Care,Equity,"$69,462.25 ",0,"69,462.25","18,425.00",77313F106,US77313F1066,BDFKQ07,-
KALV,KALVISTA PHARMACEUTICALS INC,Health Care,Equity,"$69,900.37 ",0,"69,900.37","6,407.00",483497103,US4834971032,BD06CS0,-
FRGE,FORGE GLOBAL HOLDINGS INC,Financials,Equity,"$67,421.62 ",0,"67,421.62","3,073.00",34629L202,US34629L2025,BVBCV08,-
DENN,DENNYS CORP,Consumer Discretionary,Equity,"$67,682.10 ",0,"67,682.10","17,310.00",24869P104,US24869P1049,2250580,-
TMCI,TREACE MEDICAL CONCEPTS INC,Health Care,Equity,"$67,695.66 ",0,"67,695.66","10,594.00",89455T109,US89455T1097,BNG47W7,-
DSP,VIANT TECHNOLOGY INC CLASS A,Information Technology,Equity,"$68,118.48 ",0,"68,118.48","7,671.00",92557A101,US92557A1016,BMDJ0D0,-
NRDS,NERDWALLET INC CLASS A,Financials,Equity,"$68,164.47 ",0,"68,164.47","5,841.00",64082B102,US64082B1026,BMTW8S4,-
NEWT,NEWTEKONE INC,Financials,Equity,"$68,265.60 ",0,"68,265.60","6,564.00",652526203,US6525262035,BRWZXQ8,-
RHLD,RESOLUTE HOLDINGS MANAGEMENT INC,Industrials,Equity,"$65,189.10 ",0,"65,189.10",885,76134H101,US76134H1014,BTJWV40,-
CRCT,CRICUT INC CLASS A,Consumer Discretionary,Equity,"$65,907.72 ",0,"65,907.72","12,412.00",22658D100,US22658D1000,BMXDS27,-
UTMD,UTAH MEDICAL PRODUCTS INC,Health Care,Equity,"$65,943.50 ",0,"65,943.50","1,135.00",917488108,US9174881089,2925899,-
BGS,B AND G FOODS INC,Consumer Staples,Equity,"$66,752.00 ",0,"66,752.00","16,688.00",05508R106,US05508R1068,B034L49,-
SB,SAFE BULKERS INC,Industrials,Equity,"$63,558.88 ",0,"63,558.88","13,552.00",-,MHY7388L1039,B39GTS0,-
ATEX,ANTERIX INC,Communication,Equity,"$63,652.56 ",0,"63,652.56","3,148.00",03676C100,US03676C1009,BJVNMJ3,-
UIS,UNISYS CORP,Information Technology,Equity,"$63,688.80 ",0,"63,688.80","17,840.00",909214306,US9092143067,2931595,-
VNDA,VANDA PHARMACEUTICALS INC,Health Care,Equity,"$63,853.65 ",0,"63,853.65","14,679.00",921659108,US9216591084,B12W3P6,-
DBI,DESIGNER BRANDS INC CLASS A,Consumer Discretionary,Equity,"$64,626.66 ",0,"64,626.66","17,514.00",250565108,US2505651081,BJ9J282,-
IVR,INVESCO MORTGAGE CAPITAL REIT INC,Financials,Equity,"$64,637.52 ",0,"64,637.52","8,584.00",46131B704,US46131B7047,BNBV530,-
MCHB,MECHANICS BANCORP CLASS A,Financials,Equity,"$64,700.48 ",0,"64,700.48","4,832.00",43785V102,US43785V1026,B4WHS46,-
QTRX,QUANTERIX CORP,Health Care,Equity,"$64,763.52 ",0,"64,763.52","12,128.00",74766Q101,US74766Q1013,BD1KGN4,-
LRMR,LARIMAR THERAPEUTICS INC,Health Care,Equity,"$64,896.87 ",0,"64,896.87","16,683.00",517125100,US5171251003,BMXNGZ6,-
MEI,METHODE ELECTRONICS INC,Information Technology,Equity,"$61,794.86 ",0,"61,794.86","9,182.00",591520200,US5915202007,2583297,-
BOC,BOSTON OMAHA CORP CLASS A,Communication,Equity,"$62,149.92 ",0,"62,149.92","4,886.00",101044105,US1010441053,BZB2L51,-
SVV,SAVERS VALUE VILLAGE INC,Consumer Discretionary,Equity,"$62,250.39 ",0,"62,250.39","6,759.00",80517M109,US80517M1099,BQLSDL6,-
FFWM,FIRST FOUNDATION INC,Financials,Equity,"$62,309.76 ",0,"62,309.76","11,454.00",32026V104,US32026V1044,BMMVY68,-
MASS,908 DEVICES INC,Information Technology,Equity,"$62,323.80 ",0,"62,323.80","7,810.00",65443P102,US65443P1021,BM8GQP0,-
RMR,RMR GROUP INC CLASS A,Real Estate,Equity,"$63,102.13 ",0,"63,102.13","4,079.00",74967R106,US74967R1068,BZ1N455,-
LAW,CS DISCO INC,Information Technology,Equity,"$60,545.60 ",0,"60,545.60","9,580.00",126327105,US1263271058,BNLYJ93,-
EPM,EVOLUTION PETROLEUM CORP,Energy,Equity,"$60,851.34 ",0,"60,851.34","13,893.00",30049A107,US30049A1079,2367781,-
BSRR,SIERRA BANCORP,Financials,Equity,"$61,474.08 ",0,"61,474.08","2,136.00",82620P102,US82620P1021,2586315,-
AVIR,ATEA PHARMACEUTICALS INC,Health Care,Equity,"$58,490.25 ",0,"58,490.25","17,997.00",04683R106,US04683R1068,BLN9Z50,-
GNE,GENIE ENERGY LTD CLASS B,Utilities,Equity,"$58,634.80 ",0,"58,634.80","3,896.00",372284208,US3722842081,B725NJ1,-
DSGN,DESIGN THERAPEUTICS INC,Health Care,Equity,"$58,852.80 ",0,"58,852.80","8,784.00",25056L103,US25056L1035,BMFK3H6,-
AGL,AGILON HEALTH,Health Care,Equity,"$59,598.91 ",0,"59,598.91","74,826.00",00857U107,US00857U1079,BLR4TK4,-
JOUT,JOHNSON OUTDOORS INC CLASS A,Consumer Discretionary,Equity,"$59,710.18 ",0,"59,710.18","1,466.00",479167108,US4791671088,2476847,-
PSTL,POSTAL REALTY TRUST INC CLASS A,Real Estate,Equity,"$56,544.58 ",0,"56,544.58","3,818.00",73757R102,US73757R1023,BKBS530,-
CERS,CERUS CORP,Health Care,Equity,"$56,715.54 ",0,"56,715.54","38,582.00",157085101,US1570851014,2222471,-
EDIT,EDITAS MEDICINE INC,Health Care,Equity,"$56,835.24 ",0,"56,835.24","18,453.00",28106W103,US28106W1036,BZ8FPH3,-
BHR,BRAEMAR HOTELS RESORTS INC,Real Estate,Equity,"$57,214.35 ",0,"57,214.35","22,437.00",10482B101,US10482B1017,BD8ZZ24,-
AMCX,AMC NETWORKS CLASS A INC,Communication,Equity,"$57,312.38 ",0,"57,312.38","7,561.00",00164V103,US00164V1035,B4MG4Z6,-
SEG,SEAPORT ENTERTAINMENT GROUP INC,Real Estate,Equity,"$57,647.65 ",0,"57,647.65","2,395.00",812215200,US8122152007,BRXXTF2,-
ANIK,ANIKA THERAPEUTICS INC,Health Care,Equity,"$57,729.75 ",0,"57,729.75","5,921.00",35255108,US0352551081,2035754,-
POWW,OUTDOOR HOLDING,Consumer Discretionary,Equity,"$58,003.20 ",0,"58,003.20","36,252.00",00175J107,US00175J1079,BD8GP05,-
JAKK,JAKKS PACIFIC INC,Consumer Discretionary,Equity,"$58,089.00 ",0,"58,089.00","3,417.00",47012E403,US47012E4035,BN2R7Z3,-
PTLO,PORTILLO S INC CLASS A,Consumer Discretionary,Equity,"$55,383.20 ",0,"55,383.20","10,352.00",73642K106,US73642K1060,BNV0RN1,-
OSUR,ORASURE TECHNOLOGIES INC,Health Care,Equity,"$55,909.70 ",0,"55,909.70","20,405.00",68554V108,US68554V1089,2318790,-
ULH,UNIVERSAL LOGISTICS HOLDINGS INC,Other,Equity,"$56,209.32 ",0,"56,209.32","3,474.00",91388P105,US91388P1057,B066PX9,-
ALTG,ALTA EQUIPMENT GROUP INC CLASS A,Industrials,Equity,"$54,051.84 ",0,"54,051.84","8,832.00",02128L106,US02128L1061,BLLCYB0,-
ASLE,AERSALE CORP,Industrials,Equity,"$54,396.02 ",0,"54,396.02","7,331.00",00810F106,US00810F1066,BN2RY85,-
HNST,THE HONEST COMPANY INC,Consumer Staples,Equity,"$54,594.10 ",0,"54,594.10","16,010.00",438333106,US4383331067,BMF1LH5,-
TRDA,ENTRADA THERAPEUTICS INC,Health Care,Equity,"$51,277.10 ",0,"51,277.10","7,378.00",29384C108,US29384C1080,BP81RK8,-
TCX,TUCOWS INC,Information Technology,Equity,"$51,674.52 ",0,"51,674.52","2,697.00",898697206,US8986972060,BHCQVP6,-
ONEW,ONEWATER MARINE CLASS A INC,Consumer Discretionary,Equity,"$51,714.90 ",0,"51,714.90","3,330.00",68280L101,US68280L1017,BJCYG26,-
CVRX,CVRX INC,Health Care,Equity,"$51,734.63 ",0,"51,734.63","5,077.00",126638105,US1266381052,BLD3B98,-
NNOX,NANO X IMAGING LTD,Health Care,Equity,"$52,134.06 ",0,"52,134.06","14,362.00",-,IL0011681371,BLB2P06,-
ENTA,ENANTA PHARMACEUTICALS INC,Health Care,Equity,"$52,323.04 ",0,"52,323.04","4,774.00",29251M106,US29251M1062,B9L5200,-
LOVE,LOVESAC COMPANY,Consumer Discretionary,Equity,"$52,567.30 ",0,"52,567.30","3,790.00",54738L109,US54738L1098,BG88WJ0,-
AURA,AURA BIOSCIENCES INC,Health Care,Equity,"$52,595.40 ",0,"52,595.40","8,580.00",05153U107,US05153U1079,BP81R42,-
NRC,NATIONAL RESEARCH CORP,Health Care,Equity,"$49,685.84 ",0,"49,685.84","3,719.00",637372202,US6373722023,B8W3QK4,-
KLC,KINDERCARE LEARNING COMPANIES INC,Consumer Discretionary,Equity,"$50,191.30 ",0,"50,191.30","8,507.00",49456W105,US49456W1053,BM8J3J2,-
LPRO,OPEN LENDING CORP,Financials,Equity,"$50,426.00 ",0,"50,426.00","26,540.00",68373J104,US68373J1043,BMTD3M6,-
THRY,THRYV HOLDINGS INC,Communication,Equity,"$50,670.12 ",0,"50,670.12","6,572.00",886029206,US8860292064,BMCMWY5,-
PRME,PRIME MEDICINE INC,Health Care,Equity,"$50,709.10 ",0,"50,709.10","10,265.00",74168J101,US74168J1016,BPBJFM7,-
DMRC,DIGIMARC CORP,Information Technology,Equity,"$50,887.90 ",0,"50,887.90","5,230.00",25381B101,US25381B1017,B3F05P5,-
EGHT,8X8 INC,Information Technology,Equity,"$51,045.28 ",0,"51,045.28","27,742.00",282914100,US2829141009,2037170,-
BOOM,DMC GLOBAL INC,Energy,Equity,"$51,060.10 ",0,"51,060.10","6,335.00",23291C103,US23291C1036,BYN8NH6,-
EVC,ENTRAVISION COMMUNICATIONS CORP CL,Communication,Equity,"$47,866.68 ",0,"47,866.68","23,124.00",29382R107,US29382R1077,2615112,-
MVIS,MICROVISION INC,Information Technology,Equity,"$48,232.08 ",0,"48,232.08","41,224.00",594960304,US5949603048,B7N96Q0,-
ADV,ADVANTAGE SOLUTIONS INC CLASS A,Communication,Equity,"$48,567.04 ",0,"48,567.04","37,943.00",00791N102,US00791N1028,BNC2MS6,-
ACRE,ARES COMMERCIAL REAL ESTATE REIT C,Financials,Equity,"$48,894.98 ",0,"48,894.98","10,963.00",04013V108,US04013V1089,B77PWP5,-
INSE,INSPIRED ENTERTAINMENT INC,Consumer Discretionary,Equity,"$49,361.90 ",0,"49,361.90","6,538.00",45782N108,US45782N1081,BDCWQ73,-
RGP,RESOURCES CONNECTION INC,Industrials,Equity,"$46,512.40 ",0,"46,512.40","10,571.00",76122Q105,US76122Q1058,2697853,-
TBI,TRUEBLUE INC,Industrials,Equity,"$46,764.84 ",0,"46,764.84","9,866.00",89785X101,US89785X1019,2519849,-
CAPR,CAPRICOR THERAPEUTICS INC,Health Care,Equity,"$47,073.81 ",0,"47,073.81","7,231.00",14070B309,US14070B3096,BK7Y2Z3,-
KIDS,ORTHOPEDIATRICS CORP,Health Care,Equity,"$47,606.68 ",0,"47,606.68","2,827.00",68752L100,US68752L1008,BYWL5L4,-
ACDC,PROFRAC HOLDING CLASS A CORP,Energy,Equity,"$44,317.94 ",0,"44,317.94","8,102.00",74319N100,US74319N1000,BPCJW03,-
BCBP,BCB BANCORP INC,Financials,Equity,"$45,138.90 ",0,"45,138.90","5,685.00",55298103,US0552981039,2848253,-
CMDB,COSTAMARE BULKERS HOLDINGS LTD,Industrials,Equity,"$45,988.76 ",0,"45,988.76","3,554.00",-,MHY2001C1012,BPK4SX5,-
RMAX,RE MAX HOLDINGS INC CLASS A,Real Estate,Equity,"$42,599.96 ",0,"42,599.96","5,372.00",75524W108,US75524W1080,BF23JJ3,-
CRMT,AMERICAS CAR MART INC,Consumer Discretionary,Equity,"$42,967.68 ",0,"42,967.68","1,932.00",03062T105,US03062T1051,2813961,-
WEST,WESTROCK COFFEE,Consumer Staples,Equity,"$43,817.76 ",0,"43,817.76","9,936.00",96145W103,US96145W1036,BN4Q5D2,-
ATNI,ATN INTERNATIONAL INC,Communication,Equity,"$44,084.02 ",0,"44,084.02","3,034.00",00215F107,US00215F1075,BDC84D3,-
-,RAYONIER INC CASH ACCRUAL 2,Real Estate,Equity,"$40,981.50 ",0,"40,981.50","39,030.00",-,-,9924732,-
ARAY,ACCURAY INC,Health Care,Equity,"$41,040.87 ",0,"41,040.87","29,107.00",4397105,US0043971052,B1R2HW6,-
JRVR,JAMES RIVER GROUP HOLDINGS LTD,Financials,Equity,"$41,187.60 ",0,"41,187.60","8,076.00",-,BMG5005R1079,BT8RWQ5,-
TCBX,THIRD COAST BANCSHARES INC,Financials,Equity,"$41,233.50 ",0,"41,233.50","1,122.00",88422P109,US88422P1093,BL55Q42,-
VYGR,VOYAGER THERAPEUTICS INC,Health Care,Equity,"$41,296.81 ",0,"41,296.81","8,843.00",92915B106,US92915B1061,BY7RB53,-
EB,EVENTBRITE CLASS A INC,Communication,Equity,"$42,534.03 ",0,"42,534.03","18,413.00",3.00E+113,US29975E1091,BF5L3R0,-
CATX,PERSPECTIVE THERAPEUTICS INC,Health Care,Equity,"$39,811.59 ",0,"39,811.59","14,583.00",46489V302,US46489V3024,BS096W6,-
TTGT,TECHTARGET INC,Communication,Equity,"$39,972.69 ",0,"39,972.69","7,281.00",87874R308,US87874R3084,BPG4DP6,-
HUMA,HUMACYTE INC,Health Care,Equity,"$40,315.47 ",0,"40,315.47","24,141.00",44486Q103,US44486Q1031,BMYTJP4,-
ULCC,FRONTIER GROUP HOLDINGS INC,Industrials,Equity,"$37,403.40 ",0,"37,403.40","9,690.00",35909R108,US35909R1086,BFMKYK0,-
MED,MEDIFAST INC,Consumer Staples,Equity,"$37,838.96 ",0,"37,838.96","3,148.00",58470H101,US58470H1014,2934033,-
MNTK,MONTAUK RENEWABLES INC,Utilities,Equity,"$37,896.04 ",0,"37,896.04","18,668.00",61218C103,US61218C1036,BN6HHQ0,-
INGN,INOGEN INC,Health Care,Equity,"$38,027.60 ",0,"38,027.60","4,615.00",45780L104,US45780L1044,BJSVLL5,-
FLWS,1-800 FLOWERS.COM INC CLASS A,Consumer Discretionary,Equity,"$38,102.40 ",0,"38,102.40","10,584.00",68243Q106,US68243Q1067,2444123,-
MXCT,MAXCYTE INC,Health Care,Equity,"$38,136.56 ",0,"38,136.56","24,764.00",57777K106,US57777K1060,BKMQF66,-
INR,INFINITY NATURAL RESOURCES INC CLA,Energy,Equity,"$38,354.68 ",0,"38,354.68","3,341.00",456941103,US4569411030,BS893G1,-
HCAT,HEALTH CATALYST INC,Health Care,Equity,"$38,553.28 ",0,"38,553.28","11,936.00",42225T107,US42225T1079,BKLCX50,-
AVD,AMER VANGUARD CORP,Materials,Equity,"$38,897.94 ",0,"38,897.94","8,702.00",30371108,US0303711081,2025711,-
CDXS,CODEXIS INC,Health Care,Equity,"$38,962.80 ",0,"38,962.80","16,440.00",192005106,US1920051067,B5LL2C2,-
CBAN,COLONY BANKCORP INC,Financials,Equity,"$36,617.10 ",0,"36,617.10","2,290.00",19623P101,US19623P1012,2492917,-
NXDT,NEXPOINT DIVERSIFIED REAL ESTATE T,Real Estate,Equity,"$36,983.40 ",0,"36,983.40","11,630.00",65340G205,US65340G2057,BYMG199,-
SKIN,BEAUTY HEALTH COMPANY CLASS A CLAS,Consumer Staples,Equity,"$34,085.48 ",0,"34,085.48","23,836.00",88331L108,US88331L1089,BNQQ6C6,-
STRZ,STARZ ENTERTAINMENT CORP,Communication,Equity,"$34,756.57 ",0,"34,756.57","3,307.00",855919106,CA8559191066,BVDGZ39,-
OLPX,OLAPLEX HOLDINGS INC,Consumer Staples,Equity,"$35,494.16 ",0,"35,494.16","34,129.00",679369108,US6793691089,BNKJ933,-
XPOF,XPONENTIAL FITNESS INC CLASS A,Consumer Discretionary,Equity,"$32,215.68 ",0,"32,215.68","4,794.00",98422X101,US98422X1019,BP0TJN7,-
HRTX,HERON THERAPEUTICS INC,Health Care,Equity,"$32,235.24 ",0,"32,235.24","27,789.00",427746102,US4277461020,BJ0XLZ3,-
SSP,EW SCRIPPS CLASS A,Communication,Equity,"$32,841.45 ",0,"32,841.45","13,515.00",811054402,US8110544025,2862532,-
IMMR,IMMERSION CORP,Information Technology,Equity,"$33,108.81 ",0,"33,108.81","4,949.00",452521107,US4525211078,2517854,-
ALLO,ALLOGENE THERAPEUTICS INC,Health Care,Equity,"$30,443.24 ",0,"30,443.24","24,551.00",19770106,US0197701065,BFZNYB7,-
SNBR,SLEEP NUMBER CORP,Consumer Discretionary,Equity,"$31,438.00 ",0,"31,438.00","5,716.00",83125X103,US83125X1037,BF4HN46,-
OABI,OMNIAB INC,Health Care,Equity,"$29,251.60 ",0,"29,251.60","18,872.00",68218J103,US68218J1034,BN13S71,-
GLIBA,GCI LIBERTY INC SERIES A,Communication,Equity,"$29,658.27 ",0,"29,658.27",811,36164V602,US36164V6020,BRJW0F0,-
OFLX,OMEGA FLEX INC,Industrials,Equity,"$29,751.40 ",0,"29,751.40","1,076.00",682095104,US6820951043,B0FPH75,-
ASUR,ASURE SOFTWARE INC,Industrials,Equity,"$29,877.60 ",0,"29,877.60","3,376.00",04649U102,US04649U1025,2932037,-
FATE,FATE THERAPEUTICS INC,Health Care,Equity,"$27,031.05 ",0,"27,031.05","20,023.00",31189P102,US31189P1021,BCZS820,-
RCEL,AVITA MEDICAL INC,Health Care,Equity,"$27,256.41 ",0,"27,256.41","7,043.00",05380C102,US05380C1027,BMX0JN6,-
CHRS,COHERUS ONCOLOGY INC,Health Care,Equity,"$27,491.52 ",0,"27,491.52","16,364.00",19249H103,US19249H1032,BRK0149,-
DH,DEFINITIVE HEALTHCARE CORP CLASS A,Health Care,Equity,"$28,536.54 ",0,"28,536.54","10,302.00",2.45E+107,US24477E1038,BMGSDK2,-
MYPS,PLAYSTUDIOS INC CLASS A,Communication,Equity,"$25,401.09 ",0,"25,401.09","27,313.00",72815G108,US72815G1085,BP2BRR1,-
FORR,FORRESTER RESEARCH INC,Industrials,Equity,"$25,575.31 ",0,"25,575.31","3,587.00",346563109,US3465631097,2398855,-
ATYR,ATYR PHARMA INC,Health Care,Equity,"$26,200.83 ",0,"26,200.83","30,255.00",2120202,US0021202025,BGMGBW6,-
EWCZ,EUROPEAN WAX CENTER INC CLASS A,Consumer Discretionary,Equity,"$26,250.90 ",0,"26,250.90","6,731.00",29882P106,US29882P1066,BKVK9N4,-
DCGO,DOCGO INC,Health Care,Equity,"$26,472.83 ",0,"26,472.83","24,287.00",256086109,US2560861096,BKP4P23,-
SSTI,SOUNDTHINKING INC,Information Technology,Equity,"$26,591.40 ",0,"26,591.40","2,844.00",82536T107,US82536T1079,BF1STB1,-
HAIN,HAIN CELESTIAL GROUP INC,Consumer Staples,Equity,"$26,826.16 ",0,"26,826.16","23,126.00",405217100,US4052171000,2492337,-
ALMS,ALUMIS INC,Health Care,Equity,"$24,201.25 ",0,"24,201.25","5,095.00",22307102,US0223071020,BPLQG36,-
BYND,BEYOND MEAT INC,Consumer Staples,Equity,"$24,639.64 ",0,"24,639.64","14,888.00",8.86E+112,US08862E1091,BJ1FDK7,-
FNKO,FUNKO INC CLASS A,Consumer Discretionary,Equity,"$21,889.92 ",0,"21,889.92","7,016.00",361008105,US3610081057,BF329J9,-
ALEC,ALECTOR INC,Health Care,Equity,"$23,446.50 ",0,"23,446.50","15,950.00",14442107,US0144421072,BJ4LDC4,-
WALD,WALDENCAST PLC CLASS A,Consumer Staples,Equity,"$20,623.14 ",0,"20,623.14","11,394.00",-,JE00BPG99318,BPG9931,-
AFCG,ADVANCED FLOWER CAPITAL INC,Financials,Equity,"$20,770.75 ",0,"20,770.75","6,391.00",00109K105,US00109K1051,BMPRJ46,-
SUNS,SUNRISE REALTY TRUST INC,Financials,Equity,"$21,123.44 ",0,"21,123.44","2,138.00",867981102,US8679811021,BMCCS58,-
BRCC,BRC INC CLASS A,Consumer Staples,Equity,"$17,705.07 ",0,"17,705.07","13,941.00",05601U105,US05601U1051,BNBV240,-
NKTX,NKARTA INC,Health Care,Equity,"$18,152.33 ",0,"18,152.33","8,603.00",65487U108,US65487U1088,BK80YJ8,-
LUNG,PULMONX CORP,Health Care,Equity,"$15,850.00 ",0,"15,850.00","7,925.00",745848101,US7458481014,BL72R71,-
TTEC,TTEC HOLDINGS INC,Industrials,Equity,"$16,074.94 ",0,"16,074.94","4,606.00",89854H102,US89854H1023,BF950B1,-
SEAT,VIVID SEATS INC CLASS A,Communication,Equity,"$13,775.10 ",0,"13,775.10","1,110.00",92854T209,US92854T2096,BV6KRV0,-
INH,INHIBRX INC CVR,Health Care,Equity,"$8,991.45 ",0,"8,991.45","7,685.00",457CVR017,US457CVR0178,99BK1MZ,-
LAZR,LUMINAR TECHNOLOGIES INC CLASS A,Consumer Discretionary,Equity,"$5,044.84 ",0,"5,044.84","4,349.00",550424303,US5504243032,BS88BX1,-
TEAD,TEADS HOLDING,Communication,Equity,"$5,634.36 ",0,"5,634.36","3,807.00",69002R103,US69002R1032,BNXL732,-
ADRO,CHINOOK THERAPEUTICS INC,Health Care,Equity,"$2,835.43 ",0,"2,835.43","16,679.00",169CVR016,US169CVR0169,2LG7KJ9,-
ADRO,CHINOOK THERAPEUTICS INC CVR,Health Care,Equity,"$2,019.50 ",0,"2,019.50","4,039.00",007CVR012,US007CVR0124,-,-
P5N994,Petrocorp Inc Escrow,Energy,Equity,$0.01 ,0,0.01,"1,248.00",71645N994,US71645N9947,-,-
GTXI,GTXI INC - CVR,Health Care,Equity,$0.01 ,0,0.01,684,400CVR015,US400CVR0150,9952B27,-
THRD,THIRD HARMONIC BIO INC,Health Care,Equity,$316.41 ,0,316.41,"10,547.00",88427A107,US88427A1079,BNNPQY8,-
PBI,PITNEY BOWES INC,Industrials,Equity,$484.12 ,0,484.12,49,724479100,US7244791007,2690506,-
