Symbol,HOLDINGS,% OF FUNDS*,SUB-INDUSTRY,COUNTRY,SECURITYDEPOSITORYRECEIPTTYPE,MARKET VALUE*,SHARES
CVCO,Cavco Industries Inc,<0.01%,Homebuilding,US,---,"$142,077,917.42 ","244,654"
URBN,Urban Outfitters Inc,<0.01%,Apparel Retail,US,---,"$140,991,391.20 ","1,973,840"
STEP,StepStone Group Inc,<0.01%,Asset Management & Custody Banks,US,---,"$140,961,969.12 ","2,158,352"
ST,Sensata Technologies Holding PLC,<0.01%,Electrical Components & Equipment,US,---,"$140,627,790.55 ","4,603,201"
GKOS,Glaukos Corp,<0.01%,Health Care Equipment,US,---,"$140,607,123.65 ","1,724,183"
SBRA,Sabra Health Care REIT Inc,<0.01%,Health Care REITs,US,---,"$140,410,217.68 ","7,532,737"
FROG,JFrog Ltd,<0.01%,Systems Software,US,---,"$140,328,338.36 ","2,964,892"
SNEX,StoneX Group Inc,<0.01%,Investment Banking & Brokerage,US,---,"$140,064,345.00 ","1,387,875"
PSN,Parsons Corp,<0.01%,Research & Consulting Services,US,---,"$139,847,813.88 ","1,686,539"
ULS,UL Solutions Inc,<0.01%,Research & Consulting Services,US,---,"$139,290,494.04 ","1,965,714"
BOX,Box Inc,<0.01%,Application Software,US,---,"$139,272,027.72 ","4,315,836"
KTB,Kontoor Brands Inc,<0.01%,"Apparel, Accessories & Luxury Goods",US,---,"$139,219,709.28 ","1,745,264"
AROC,Archrock Inc,<0.01%,Oil & Gas Equipment & Services,US,---,"$139,171,322.94 ","5,289,674"
EPR,EPR Properties,<0.01%,Other Specialized REITs,US,---,"$139,136,346.89 ","2,398,489"
BKH,Black Hills Corp,<0.01%,Multi-Utilities,US,---,"$138,792,695.46 ","2,253,494"
ENPH,Enphase Energy Inc,<0.01%,Semiconductor Materials & Equipment,US,---,"$138,715,351.80 ","3,919,620"
KNF,Knife River Corp,<0.01%,Construction Materials,US,---,"$138,283,211.01 ","1,798,923"
DLB,Dolby Laboratories Inc,<0.01%,Systems Software,US,---,"$138,229,522.43 ","1,910,039"
ECG,Everus Construction Group Inc,<0.01%,Construction & Engineering,US,---,"$137,651,130.75 ","1,605,261"
WHR,Whirlpool Corp,<0.01%,Household Appliances,US,---,"$137,606,670.60 ","1,750,721"
SIRI,Sirius XM Holdings Inc,<0.01%,Cable & Satellite,US,---,"$136,809,984.50 ","5,877,980"
AVT,Avnet Inc,<0.01%,Technology Distributors,US,---,"$136,622,173.84 ","2,613,278"
DORM,Dorman Products Inc,<0.01%,Automotive Parts & Equipment,US,---,"$135,733,912.92 ","870,759"
QTWO,Q2 Holdings Inc,<0.01%,Application Software,US,---,"$135,674,713.41 ","1,874,219"
PECO,Phillips Edison & Co Inc,<0.01%,Retail REITs,US,---,"$135,673,739.18 ","3,952,046"
WAY,Waystar Holding Corp,<0.01%,Health Care Technology,US,---,"$135,402,081.60 ","3,570,730"
WK,Workiva Inc. Class A,<0.01%,Application Software,US,---,"$135,033,523.84 ","1,568,698"
CROX,Crocs Inc,<0.01%,Footwear,US,---,"$134,891,140.80 ","1,614,496"
SON,Sonoco Products Co,<0.01%,Paper & Plastic Packaging Products & Materials,US,---,"$134,690,851.27 ","3,125,803"
SLG,SL Green Realty Corp,<0.01%,Office REITs,US,---,"$134,577,942.71 ","2,250,091"
CNX,CNX Resources Corp,<0.01%,Oil & Gas Exploration & Production,US,---,"$134,556,750.68 ","4,189,189"
ENS,EnerSys,<0.01%,Electrical Components & Equipment,US,---,"$134,201,789.12 ","1,188,047"
LSTR,Landstar System Inc,<0.01%,Cargo Ground Transportation,US,---,"$133,661,362.24 ","1,090,579"
MGY,Magnolia Oil & Gas Corp,<0.01%,Oil & Gas Exploration & Production,US,---,"$133,372,383.76 ","5,587,448"
MRCY,Mercury Systems Inc,<0.01%,Aerospace & Defense,US,---,"$132,763,523.40 ","1,715,291"
FMC,FMC Corp,<0.01%,Fertilizers & Agricultural Chemicals,US,---,"$132,677,210.52 ","3,945,204"
COMP,Compass Inc,<0.01%,Real Estate Services,US,---,"$131,595,342.89 ","16,387,963"
UPST,Upstart Holdings Inc,<0.01%,Consumer Finance,US,---,"$131,544,212.40 ","2,589,453"
BC,Brunswick Corp/DE,<0.01%,Leisure Products,US,---,"$131,452,055.28 ","2,078,622"
MRP,MILLROSE PROPERTIES,<0.01%,Other Specialized REITs,US,---,"$130,210,450.38 ","3,874,158"
SKY,Champion Homes Inc,<0.01%,Homebuilding,US,---,"$129,990,675.29 ","1,702,117"
FFIN,First Financial Bankshares Inc,<0.01%,Regional Banks,US,---,"$129,349,388.60 ","3,843,964"
RYN,Rayonier Inc,<0.01%,Timber REITs,US,---,"$129,310,364.28 ","4,872,282"
PTGX,Protagonist Therapeutics Inc,<0.01%,Biotechnology,US,---,"$129,285,667.42 ","1,946,194"
SLAB,Silicon Laboratories Inc,<0.01%,Semiconductors,US,---,"$129,217,468.95 ","985,415"
PJT,PJT Partners Inc,<0.01%,Investment Banking & Brokerage,US,---,"$129,198,335.28 ","726,936"
WTM,White Mountains Insurance Group Ltd,<0.01%,Property & Casualty Insurance,US,---,"$129,022,957.28 ","77,189"
MSM,MSC Industrial Direct Co Inc,<0.01%,Trading Companies & Distributors,US,---,"$128,799,649.66 ","1,397,869"
CSW,CSW Industrials Inc,<0.01%,Building Products,US,---,"$128,543,407.50 ","529,530"
LEN/B,Lennar Corp,<0.01%,Homebuilding,US,---,"$128,040,129.10 ","1,067,090"
ASB,Associated Banc-Corp,<0.01%,Regional Banks,US,---,"$128,010,398.52 ","4,979,012"
NUVL,Nuvalent Inc,<0.01%,Biotechnology,US,---,"$127,152,841.20 ","1,470,315"
CBT,Cabot Corp,<0.01%,Commodity Chemicals,US,---,"$127,104,646.50 ","1,671,330"
PVH,PVH Corp,<0.01%,"Apparel, Accessories & Luxury Goods",US,---,"$126,641,810.60 ","1,511,780"
MWA,Mueller Water Products Inc,<0.01%,Industrial Machinery & Supplies & Components,US,---,"$126,637,283.52 ","4,962,276"
CNR,Core Natural Resources Inc,<0.01%,Coal & Consumable Fuels,US,---,"$126,277,608.12 ","1,512,669"
SXT,Sensient Technologies Corp,<0.01%,Specialty Chemicals,US,---,"$125,971,945.65 ","1,342,269"
OSIS,OSI Systems Inc,<0.01%,Electronic Equipment & Instruments,US,---,"$125,502,808.08 ","503,542"
LAUR,Laureate Education Inc,<0.01%,Education Services,US,---,"$125,256,505.16 ","3,971,354"
MSGS,Madison Square Garden Sports Corp,<0.01%,Movies & Entertainment,US,---,"$125,222,507.00 ","551,641"
SFBS,ServisFirst Bancshares Inc,<0.01%,Regional Banks,US,---,"$124,712,301.32 ","1,548,644"
OSCR,Oscar Health Inc,<0.01%,Life & Health Insurance,US,---,"$124,494,015.78 ","6,576,546"
SPSC,SPS Commerce Inc,<0.01%,Application Software,US,---,"$124,406,060.56 ","1,194,604"
PLXS,Plexus Corp,<0.01%,Electronic Manufacturing Services,US,---,"$124,264,836.15 ","858,835"
TCBI,Texas Capital Bancshares Inc,<0.01%,Regional Banks,US,---,"$123,261,138.82 ","1,458,194"
CRNX,Crinetics Pharmaceuticals Inc,<0.01%,Pharmaceuticals,US,---,"$123,225,481.75 ","2,958,595"
HRI,Herc Holdings Inc,<0.01%,Trading Companies & Distributors,US,---,"$122,797,365.94 ","1,052,609"
CLSK,Cleanspark Inc,<0.01%,Application Software,US,---,"$122,367,849.00 ","8,439,162"
ANF,Abercrombie & Fitch Co,<0.01%,Apparel Retail,US,---,"$122,331,195.90 ","1,429,938"
FHI,Federated Hermes Inc,<0.01%,Asset Management & Custody Banks,US,---,"$122,203,493.55 ","2,353,235"
SMR,NuScale Power Corp,<0.01%,Heavy Electrical Equipment,US,---,"$122,066,496.00 ","3,390,736"
HASI,HA Sustainable Infrastructure Capital Inc,<0.01%,Specialized Finance,US,---,"$121,747,020.70 ","3,965,701"
CALM,Cal-Maine Foods Inc,<0.01%,Packaged Foods & Meats,US,---,"$121,719,385.10 ","1,293,511"
IBOC,International Bancshares Corp,<0.01%,Regional Banks,US,---,"$121,646,937.50 ","1,769,410"
FLG,Flagstar Financial Inc,<0.01%,Regional Banks,US,---,"$120,971,073.30 ","10,473,686"
SKYW,SkyWest Inc,<0.01%,Passenger Airlines,US,---,"$120,872,089.26 ","1,201,273"
ZG,Zillow Group Inc,<0.01%,Real Estate Services,US,---,"$120,717,635.88 ","1,621,677"
MUR,Murphy Oil Corp,<0.01%,Oil & Gas Exploration & Production,US,---,"$120,621,757.50 ","4,245,750"
ALE,ALLETE Inc,<0.01%,Electric Utilities,US,---,"$119,503,466.40 ","1,799,751"
IRT,Independence Realty Trust Inc,<0.01%,Multi-Family Residential REITs,US,---,"$119,195,062.14 ","7,272,426"
SIG,Signet Jewelers Ltd,<0.01%,Other Specialty Retail,US,---,"$119,053,697.84 ","1,241,177"
CRC,California Resources Corp,<0.01%,Oil & Gas Exploration & Production,US,---,"$119,044,334.06 ","2,238,517"
AGO,Assured Guaranty Ltd,<0.01%,Property & Casualty Insurance,US,---,"$118,928,171.00 ","1,404,940"
VRRM,Verra Mobility Corp,<0.01%,Data Processing & Outsourced Services,US,---,"$118,677,596.70 ","4,804,761"
RUN,Sunrun Inc,<0.01%,Electrical Components & Equipment,US,---,"$118,382,658.94 ","6,846,886"
UCB,United Community Banks Inc/GA,<0.01%,Regional Banks,US,---,"$118,335,183.45 ","3,774,647"
VSAT,Viasat Inc,<0.01%,Communications Equipment,US,---,"$118,072,817.70 ","4,029,789"
CIFR,Cipher Mining Inc,<0.01%,Application Software,US,---,"$117,640,758.56 ","9,343,984"
ATMU,Atmus Filtration Technologies Inc,<0.01%,Construction Machinery & Heavy Transportation Equipment,US,---,"$117,460,667.43 ","2,605,027"
CNO,CNO Financial Group Inc,<0.01%,Life & Health Insurance,US,---,"$116,748,080.05 ","2,951,911"
AAP,Advance Auto Parts Inc,<0.01%,Automotive Retail,US,---,"$116,114,031.20 ","1,891,108"
WSC,WillScot Holdings Corp,<0.01%,Construction & Engineering,US,---,"$115,892,358.97 ","5,489,927"
CWK,Cushman & Wakefield PLC,<0.01%,Real Estate Services,US,---,"$115,855,077.68 ","7,277,329"
SKT,Tanger Inc,<0.01%,Retail REITs,US,---,"$115,572,263.04 ","3,415,256"
SLGN,Silgan Holdings Inc,<0.01%,"Metal, Glass & Plastic Containers",US,---,"$115,366,927.28 ","2,682,328"
GNW,Genworth Financial Inc,<0.01%,Life & Health Insurance,US,---,"$115,317,834.00 ","12,957,060"
MDU,MDU Resources Group Inc,<0.01%,Gas Utilities,US,---,"$115,284,325.91 ","6,473,011"
KBH,KB Home,<0.01%,Homebuilding,US,---,"$115,140,924.56 ","1,809,254"
LTH,Life Time Group Holdings Inc,<0.01%,Leisure Facilities,US,---,"$115,068,319.20 ","4,169,142"
AKRO,Akero Therapeutics Inc,<0.01%,Biotechnology,US,---,"$114,881,563.44 ","2,419,578"
TDS,Telephone and Data Systems Inc,<0.01%,Wireless Telecommunication Services,US,---,"$114,663,243.24 ","2,922,101"
KFY,Korn Ferry,<0.01%,Human Resource & Employment Services,US,---,"$114,347,459.96 ","1,634,002"
NOVT,Novanta Inc,<0.01%,Electronic Equipment & Instruments,US,---,"$114,164,991.00 ","1,139,940"
DRS,Leonardo DRS Inc,<0.01%,Aerospace & Defense,US,---,"$114,107,088.80 ","2,513,372"
ITGR,Integer Holdings Corp,<0.01%,Health Care Equipment,US,---,"$114,099,155.93 ","1,104,221"
NHI,National Health Investors Inc,<0.01%,Health Care REITs,US,---,"$113,838,991.50 ","1,431,937"
TNL,Travel + Leisure Co,<0.01%,"Hotels, Resorts & Cruise Lines",US,---,"$113,756,659.02 ","1,912,198"
NWE,Northwestern Energy Group Inc,<0.01%,Multi-Utilities,US,---,"$113,733,642.76 ","1,940,516"
NSIT,Insight Enterprises Inc,<0.01%,Technology Distributors,US,---,"$113,347,284.27 ","999,447"
TMDX,TransMedics Group Inc,<0.01%,Health Care Equipment,US,---,"$113,333,893.20 ","1,010,106"
CALX,Calix Inc,<0.01%,Communications Equipment,US,---,"$113,190,091.56 ","1,844,388"
ZETA,Zeta Global Holdings Corp,<0.01%,Application Software,US,---,"$112,983,045.44 ","5,686,112"
IESC,IES Holdings Inc,<0.01%,Construction & Engineering,US,---,"$112,579,089.15 ","283,111"
SHAK,Shake Shack Inc,<0.01%,Restaurants,US,---,"$112,547,677.44 ","1,202,304"
EXPO,Exponent Inc,<0.01%,Research & Consulting Services,US,---,"$112,373,547.48 ","1,617,351"
NE,Noble Corp PLC,<0.01%,Oil & Gas Drilling,US,---,"$112,184,214.80 ","3,966,910"
GHC,Graham Holdings Co,<0.01%,Education Services,US,---,"$112,039,883.46 ","95,166"
RNST,Renasant Corp,<0.01%,Regional Banks,US,---,"$111,916,033.53 ","3,033,777"
PFSI,PennyMac Financial Services Inc,<0.01%,Commercial & Residential Mortgage Finance,US,---,"$111,718,576.52 ","901,829"
FELE,Franklin Electric Co Inc,<0.01%,Industrial Machinery & Supplies & Components,US,---,"$111,639,707.20 ","1,172,686"
LMND,Lemonade Inc,<0.01%,Property & Casualty Insurance,US,---,"$111,420,767.92 ","2,081,464"
MHO,M/I Homes Inc,<0.01%,Homebuilding,US,---,"$111,273,542.76 ","770,379"
TENB,Tenable Holdings Inc,<0.01%,Systems Software,US,---,"$111,068,777.88 ","3,808,943"
INDB,Independent Bank Corp,<0.01%,Regional Banks,US,---,"$110,904,203.69 ","1,603,357"
ALGM,Allegro MicroSystems Inc,<0.01%,Semiconductors,US,---,"$110,865,713.20 ","3,796,771"
FBP,First BanCorp/Puerto Rico,<0.01%,Regional Banks,US,---,"$110,767,998.60 ","5,023,492"
AMTM,Amentum Holdings Inc,<0.01%,Research & Consulting Services,US,---,"$110,708,204.40 ","4,622,472"
COLD,Americold Realty Trust Inc,<0.01%,Industrial REITs,US,---,"$110,603,271.60 ","9,036,215"
LNTH,Lantheus Holdings Inc,<0.01%,Health Care Supplies,US,---,"$110,398,185.99 ","2,152,431"
KAI,Kadant Inc,<0.01%,Industrial Machinery & Supplies & Components,US,---,"$110,374,802.64 ","370,908"
AMKR,Amkor Technology Inc,<0.01%,Semiconductor Materials & Equipment,US,---,"$110,324,940.40 ","3,884,681"
AGX,Argan Inc,<0.01%,Construction & Engineering,US,---,"$110,210,645.60 ","408,112"
VCTR,Victory Capital Holdings Inc,<0.01%,Asset Management & Custody Banks,US,---,"$109,591,729.00 ","1,692,275"
BRKR,Bruker Corp,<0.01%,Life Sciences Tools & Services,US,---,"$109,231,639.92 ","3,362,008"
BGC,BGC Group Inc,<0.01%,Investment Banking & Brokerage,US,---,"$109,055,570.58 ","11,528,073"
HWKN,Hawkins Inc,<0.01%,Commodity Chemicals,US,---,"$108,792,218.88 ","595,404"
OTTR,Otter Tail Corp,<0.01%,Electric Utilities,US,---,"$108,791,977.49 ","1,327,217"
PTON,Peloton Interactive Inc,<0.01%,Leisure Products,US,---,"$108,524,223.00 ","12,058,247"
HIW,Highwoods Properties Inc,<0.01%,Office REITs,US,---,"$108,513,264.04 ","3,410,222"
EEFT,Euronet Worldwide Inc,<0.01%,Transaction & Payment Processing Services,US,---,"$108,122,560.44 ","1,231,324"
FULT,Fulton Financial Corp,<0.01%,Regional Banks,US,---,"$107,669,253.24 ","5,779,348"
LOAR,Loar Holdings Inc,<0.01%,Aerospace & Defense,US,---,"$107,413,760.00 ","1,342,672"
HOG,Harley-Davidson Inc,<0.01%,Motorcycle Manufacturers,US,---,"$107,152,823.70 ","3,840,603"
EBC,Eastern Bankshares Inc,<0.01%,Regional Banks,US,---,"$106,951,706.40 ","5,892,656"
UUUU,Energy Fuels Inc/Canada,<0.01%,Coal & Consumable Fuels,US,---,"$106,784,577.50 ","6,956,650"
NVST,Envista Holdings Corp,<0.01%,Health Care Equipment,US,---,"$106,508,496.78 ","5,228,694"
HCC,Warrior Met Coal Inc,<0.01%,Steel,US,---,"$106,435,927.16 ","1,672,469"
WULF,Terawulf Inc,<0.01%,Application Software,US,---,"$106,395,560.58 ","9,316,599"
MZTI,Marzetti Company/The,<0.01%,Packaged Foods & Meats,US,---,"$105,471,879.95 ","610,405"
ADMA,ADMA Biologics Inc,<0.01%,Biotechnology,US,---,"$105,432,594.30 ","7,191,855"
ASO,Academy Sports & Outdoors Inc,<0.01%,Other Specialty Retail,US,---,"$105,090,469.38 ","2,100,969"
MTSR,Metsera Inc,<0.01%,Biotechnology,US,---,"$104,565,753.67 ","1,998,199"
PATK,Patrick Industries Inc,<0.01%,Automotive Parts & Equipment,US,---,"$104,273,885.37 ","1,008,159"
VC,Visteon Corp,<0.01%,Automotive Parts & Equipment,US,---,"$104,141,799.32 ","868,862"
TBBK,Bancorp Inc/The,<0.01%,Regional Banks,US,---,"$104,119,716.78 ","1,390,302"
RHI,Robert Half Inc,<0.01%,Human Resource & Employment Services,US,---,"$104,012,304.28 ","3,060,986"
AMBA,Ambarella Inc,<0.01%,Semiconductors,US,---,"$103,888,966.60 ","1,258,955"
HUT,Hut 8 Corp,<0.01%,Application Software,US,---,"$103,696,901.40 ","2,978,940"
BRC,Brady Corp,<0.01%,Commercial Printing,US,---,"$102,880,370.16 ","1,318,472"
TGNA,TEGNA Inc,<0.01%,Broadcasting,US,---,"$102,671,602.83 ","5,050,251"
CXT,Crane NXT Co,<0.01%,Electronic Equipment & Instruments,US,---,"$102,669,749.95 ","1,530,785"
CDP,COPT Defense Properties,<0.01%,Office REITs,US,---,"$102,631,754.14 ","3,531,719"
VSEC,VSE Corp,<0.01%,Aerospace & Defense,US,---,"$102,617,458.40 ","617,285"
FUL,HB Fuller Co,<0.01%,Specialty Chemicals,US,---,"$102,589,256.64 ","1,730,588"
KVYO,Klaviyo Inc,<0.01%,Application Software,US,---,"$102,290,985.81 ","3,694,149"
BNL,Broadstone Net Lease Inc,<0.01%,Diversified REITs,US,---,"$102,281,625.50 ","5,723,650"
LGND,Ligand Pharmaceuticals Inc,<0.01%,Pharmaceuticals,US,---,"$102,184,094.70 ","576,855"
TEX,Terex Corp,<0.01%,Construction Machinery & Heavy Transportation Equipment,US,---,"$101,683,166.40 ","1,982,128"
PSMT,PriceSmart Inc,<0.01%,Consumer Staples Merchandise Retail,US,---,"$101,463,782.51 ","837,229"
SLNO,Soleno Therapeutics Inc,<0.01%,Biotechnology,US,---,"$101,391,414.80 ","1,499,873"
KYMR,Kymera Therapeutics Inc,<0.01%,Biotechnology,US,---,"$100,776,979.20 ","1,780,512"
GFF,Griffon Corp,<0.01%,Building Products,US,---,"$100,578,920.00 ","1,320,800"
COMM,CommScope Holding Co Inc,<0.01%,Communications Equipment,US,---,"$100,539,055.08 ","6,494,771"
BLKB,Blackbaud Inc,<0.01%,Application Software,US,---,"$100,338,777.16 ","1,560,236"
SARO,StandardAero Inc,<0.01%,Aerospace & Defense,US,---,"$100,316,102.41 ","3,675,929"
FHB,First Hawaiian Inc,<0.01%,Regional Banks,US,---,"$99,396,153.61 ","4,003,067"
PRM,Perimeter Solutions Inc,<0.01%,Specialty Chemicals,US,---,"$98,667,154.89 ","4,406,751"
MIRM,Mirum Pharmaceuticals Inc,<0.01%,Biotechnology,US,---,"$98,545,941.16 ","1,344,236"
MGNI,Magnite Inc,<0.01%,Advertising,US,---,"$98,460,127.26 ","4,520,667"
CPK,Chesapeake Utilities Corp,<0.01%,Gas Utilities,US,---,"$98,365,319.21 ","730,309"
HAYW,Hayward Holdings Inc,<0.01%,Building Products,US,---,"$98,310,013.20 ","6,501,985"
PII,Polaris Inc,<0.01%,Leisure Products,US,---,"$98,303,584.87 ","1,691,099"
PBH,Prestige Consumer Healthcare Inc,<0.01%,Pharmaceuticals,US,---,"$97,860,172.80 ","1,568,272"
AZZ,AZZ Inc,<0.01%,Building Products,US,---,"$97,708,017.68 ","895,336"
CBU,Community Financial System Inc,<0.01%,Regional Banks,US,---,"$97,575,142.16 ","1,663,969"
KAR,OPENLANE Inc,<0.01%,Diversified Support Services,US,---,"$97,432,157.36 ","3,385,412"
RRR,Red Rock Resorts Inc,<0.01%,Casinos & Gaming,US,---,"$97,287,142.24 ","1,593,304"
BTU,Peabody Energy Corp,<0.01%,Coal & Consumable Fuels,US,---,"$97,057,100.40 ","3,659,770"
AIR,AAR Corp,<0.01%,Aerospace & Defense,US,---,"$97,041,681.03 ","1,082,209"
MGEE,MGE Energy Inc,<0.01%,Electric Utilities,US,---,"$96,983,525.46 ","1,152,097"
CATY,Cathay General Bancorp,<0.01%,Regional Banks,US,---,"$96,864,399.88 ","2,017,588"
KMPR,Kemper Corp,<0.01%,Property & Casualty Insurance,US,---,"$96,700,376.80 ","1,875,856"
MYRG,MYR Group Inc,<0.01%,Construction & Engineering,US,---,"$96,688,391.43 ","464,781"
EOSE,Eos Energy Enterprises Inc,<0.01%,Electrical Components & Equipment,US,---,"$96,458,584.12 ","8,468,708"
PCH,PotlatchDeltic Corp,<0.01%,Timber REITs,US,---,"$96,318,982.00 ","2,363,656"
PRGO,Perrigo Co PLC,<0.01%,Pharmaceuticals,US,---,"$96,270,537.60 ","4,322,880"
SRRK,Scholar Rock Holding Corp,<0.01%,Biotechnology,US,---,"$96,244,880.76 ","2,584,449"
AVA,Avista Corp,<0.01%,Multi-Utilities,US,---,"$96,013,844.37 ","2,539,377"
YOU,Clear Secure Inc,<0.01%,Application Software,US,---,"$95,890,659.24 ","2,872,698"
RH,RH,<0.01%,Homefurnishing Retail,US,---,"$95,824,070.88 ","471,668"
AVNT,Avient Corp,<0.01%,Specialty Chemicals,US,---,"$95,208,431.90 ","2,889,482"
BHF,Brighthouse Financial Inc,<0.01%,Life & Health Insurance,US,---,"$95,039,740.00 ","1,790,500"
HGV,Hilton Grand Vacations Inc,<0.01%,"Hotels, Resorts & Cruise Lines",US,---,"$94,960,669.83 ","2,271,243"
ACLS,Axcelis Technologies Inc,<0.01%,Semiconductor Materials & Equipment,US,---,"$94,936,348.40 ","972,310"
MATX,Matson Inc,<0.01%,Marine Transportation,US,---,"$94,588,330.49 ","959,411"
CARG,Cargurus Inc,<0.01%,Interactive Media & Services,US,---,"$94,479,501.75 ","2,537,725"
RIG,Transocean Ltd,<0.01%,Oil & Gas Drilling,US,---,"$94,478,916.48 ","30,281,704"
CIVI,Civitas Resources Inc,<0.01%,Oil & Gas Exploration & Production,US,---,"$94,217,175.00 ","2,898,990"
PLMR,Palomar Holdings Inc,<0.01%,Property & Casualty Insurance,US,---,"$94,137,626.50 ","806,318"
NMIH,NMI Holdings Inc,<0.01%,Commercial & Residential Mortgage Finance,US,---,"$94,103,536.32 ","2,454,448"
BL,BlackLine Inc,<0.01%,Application Software,US,---,"$93,964,963.50 ","1,769,585"
BXMT,Blackstone Mortgage Trust Inc,<0.01%,Mortgage REITs,US,---,"$93,823,085.51 ","5,096,311"
PL,Planet Labs PBC,<0.01%,Research & Consulting Services,US,---,"$93,456,778.80 ","7,200,060"
POWL,Powell Industries Inc,<0.01%,Electrical Components & Equipment,US,---,"$93,431,275.63 ","306,523"
WSFS,WSFS Financial Corp,<0.01%,Regional Banks,US,---,"$92,967,608.01 ","1,723,857"
RUSHA,Rush Enterprises Inc,<0.01%,Trading Companies & Distributors,US,---,"$92,436,476.38 ","1,728,754"
BCC,Boise Cascade Co,<0.01%,Trading Companies & Distributors,US,---,"$92,254,435.32 ","1,193,151"
SYM,Symbotic Inc,<0.01%,Industrial Machinery & Supplies & Components,US,---,"$92,101,732.80 ","1,708,752"
TPC,Tutor Perini Corp,<0.01%,Construction & Engineering,US,---,"$92,077,996.78 ","1,403,842"
WSBC,WesBanco Inc,<0.01%,Regional Banks,US,---,"$91,857,820.50 ","2,876,850"
CNK,Cinemark Holdings Inc,<0.01%,Movies & Entertainment,US,---,"$91,811,817.06 ","3,276,653"
OLN,Olin Corp,<0.01%,Commodity Chemicals,US,---,"$91,676,789.61 ","3,668,539"
LCID,Lucid Group Inc,<0.01%,Automobile Manufacturers,US,---,"$91,441,242.36 ","3,843,684"
MGRC,McGrath RentCorp,<0.01%,Trading Companies & Distributors,US,---,"$91,276,291.20 ","778,144"
APAM,Artisan Partners Asset Management Inc,<0.01%,Asset Management & Custody Banks,US,---,"$90,987,275.40 ","2,096,481"
BKU,BankUnited Inc,<0.01%,Regional Banks,US,---,"$90,756,729.36 ","2,378,321"
NATL,NCR Atleos Corp,<0.01%,Transaction & Payment Processing Services,US,---,"$90,645,400.72 ","2,305,912"
ABM,ABM Industries Inc,<0.01%,Environmental & Facilities Services,US,---,"$90,603,477.92 ","1,964,516"
VIRT,Virtu Financial Inc,<0.01%,Investment Banking & Brokerage,US,---,"$90,220,410.00 ","2,541,420"
NCNO,nCino Inc,<0.01%,Application Software,US,---,"$90,138,228.77 ","3,324,907"
SM,SM Energy Co,<0.01%,Oil & Gas Exploration & Production,US,---,"$89,967,858.86 ","3,603,038"
BTSG,BrightSpring Health Services Inc,<0.01%,Health Care Services,US,---,"$89,784,391.16 ","3,037,361"
PAG,Penske Automotive Group Inc,<0.01%,Automotive Retail,US,---,"$89,713,560.42 ","515,862"
FORM,FormFactor Inc,<0.01%,Semiconductor Materials & Equipment,US,---,"$89,020,240.56 ","2,444,268"
VKTX,Viking Therapeutics Inc,<0.01%,Biotechnology,US,---,"$89,004,683.52 ","3,386,784"
CGON,CG oncology Inc,<0.01%,Biotechnology,US,---,"$88,984,118.92 ","2,209,139"
VAL,Valaris Ltd,<0.01%,Oil & Gas Drilling,US,---,"$88,855,233.48 ","1,821,924"
VIAV,Viavi Solutions Inc,<0.01%,Communications Equipment,US,---,"$88,475,009.94 ","6,972,026"
GTM,ZoomInfo Technologies Inc,<0.01%,Interactive Media & Services,US,---,"$88,292,022.51 ","8,092,761"
AWR,American States Water Co,<0.01%,Water Utilities,US,---,"$88,166,933.40 ","1,202,495"
ICUI,ICU Medical Inc,<0.01%,Health Care Supplies,US,---,"$88,119,137.16 ","734,571"
GPOR,Gulfport Energy Corp,<0.01%,Oil & Gas Exploration & Production,US,---,"$87,955,556.08 ","485,996"
WRBY,Warby Parker Inc,<0.01%,Other Specialty Retail,US,---,"$87,861,716.32 ","3,185,704"
PENN,Penn Entertainment Inc,<0.01%,Casinos & Gaming,US,---,"$87,687,101.34 ","4,552,809"
PRVA,Privia Health Group Inc,<0.01%,Health Care Services,US,---,"$87,582,986.10 ","3,517,389"
TPH,Tri Pointe Homes Inc,<0.01%,Homebuilding,US,---,"$87,255,138.18 ","2,568,594"
OGN,Organon & Co,<0.01%,Pharmaceuticals,US,---,"$86,949,692.76 ","8,141,357"
CBZ,CBIZ Inc,<0.01%,Research & Consulting Services,US,---,"$86,862,502.88 ","1,640,153"
GEO,GEO Group Inc/The,<0.01%,Security & Alarm Services,US,---,"$86,789,841.33 ","4,235,717"
ENVA,Enova International Inc,<0.01%,Consumer Finance,US,---,"$86,538,127.53 ","751,917"
WD,Walker & Dunlop Inc,<0.01%,Commercial & Residential Mortgage Finance,US,---,"$86,126,258.64 ","1,029,972"
CHH,Choice Hotels International Inc,<0.01%,"Hotels, Resorts & Cruise Lines",US,---,"$86,038,388.34 ","804,774"
SFNC,Simmons First National Corp,<0.01%,Regional Banks,US,---,"$86,012,876.16 ","4,486,848"
FIBK,First Interstate BancSystem Inc,<0.01%,Regional Banks,US,---,"$85,986,152.36 ","2,698,028"
CWT,California Water Service Group,<0.01%,Water Utilities,US,---,"$85,595,725.93 ","1,865,237"
PLUG,Plug Power Inc,<0.01%,Electrical Components & Equipment,US,---,"$85,428,236.07 ","36,664,479"
FRPT,Freshpet Inc,<0.01%,Packaged Foods & Meats,US,---,"$85,092,044.40 ","1,544,040"
LINE,Lineage Inc,<0.01%,Industrial REITs,US,---,"$85,019,592.00 ","2,200,300"
RARE,Ultragenyx Pharmaceutical Inc,<0.01%,Biotechnology,US,---,"$84,960,869.76 ","2,824,497"
WDFC,WD-40 Co,<0.01%,Household Products,US,---,"$84,885,798.40 ","429,584"
FRSH,Freshworks Inc,<0.01%,Application Software,US,---,"$84,705,688.65 ","7,196,745"
RELY,Remitly Global Inc,<0.01%,Transaction & Payment Processing Services,US,---,"$84,620,732.80 ","5,191,456"
AEO,American Eagle Outfitters Inc,<0.01%,Apparel Retail,US,---,"$84,586,296.36 ","4,943,676"
SHC,Sotera Health Co,<0.01%,Life Sciences Tools & Services,US,---,"$84,523,786.49 ","5,373,413"
AGYS,Agilysys Inc,<0.01%,Application Software,US,---,"$84,456,599.50 ","802,438"
ACAD,ACADIA Pharmaceuticals Inc,<0.01%,Biotechnology,US,---,"$84,346,243.30 ","3,952,495"
AKR,Acadia Realty Trust,<0.01%,Retail REITs,US,---,"$84,338,711.60 ","4,185,544"
WHD,Cactus Inc. Class A,<0.01%,Oil & Gas Equipment & Services,US,---,"$84,261,424.34 ","2,134,822"
VCYT,Veracyte Inc,<0.01%,Biotechnology,US,---,"$84,149,146.72 ","2,451,184"
REVG,REV Group Inc,<0.01%,Construction Machinery & Heavy Transportation Equipment,US,---,"$83,421,810.21 ","1,472,063"
NMRK,Newmark Group Inc,<0.01%,Real Estate Services,US,---,"$82,926,982.55 ","4,446,487"
DAN,Dana Inc,<0.01%,Automotive Parts & Equipment,US,---,"$82,894,878.84 ","4,136,471"
SBCF,Seacoast Banking Corp of Florida,<0.01%,Regional Banks,US,---,"$82,763,727.01 ","2,719,807"
EXTR,Extreme Networks Inc,<0.01%,Communications Equipment,US,---,"$82,700,524.20 ","4,004,868"
YETI,YETI Holdings Inc,<0.01%,Leisure Products,US,---,"$82,627,390.86 ","2,490,277"
BOH,Bank of Hawaii Corp,<0.01%,Regional Banks,US,---,"$82,624,284.36 ","1,258,749"
UE,Urban Edge Properties,<0.01%,Retail REITs,US,---,"$81,204,326.24 ","3,966,992"
AMSC,American Superconductor Corp,<0.01%,Electrical Components & Equipment,US,---,"$81,142,478.35 ","1,366,265"
FCPT,Four Corners Property Trust Inc,<0.01%,Other Specialized REITs,US,---,"$81,115,921.20 ","3,324,423"
CAR,Avis Budget Group Inc,<0.01%,Passenger Ground Transportation,US,---,"$81,102,578.70 ","505,076"
INFA,Informatica Inc,<0.01%,Application Software,US,---,"$80,989,081.20 ","3,260,430"
CON,Concentra Group Holdings Parent Inc,<0.01%,Health Care Facilities,US,---,"$80,964,963.17 ","3,868,369"
SUPN,Supernus Pharmaceuticals Inc,<0.01%,Pharmaceuticals,US,---,"$80,828,326.17 ","1,691,323"
WU,Western Union Co/The,<0.01%,Transaction & Payment Processing Services,US,---,"$80,788,863.53 ","10,111,247"
XRAY,DENTSPLY SIRONA Inc,<0.01%,Health Care Supplies,US,---,"$80,737,460.10 ","6,362,290"
OUT,Outfront Media Inc,<0.01%,Other Specialized REITs,US,---,"$80,705,224.24 ","4,405,307"
SXI,Standex International Corp,<0.01%,Industrial Machinery & Supplies & Components,US,---,"$80,553,573.10 ","380,149"
APLE,Apple Hospitality REIT Inc,<0.01%,Hotel & Resort REITs,US,---,"$80,525,692.87 ","6,704,887"
NWS,News Corp,<0.01%,Publishing,US,---,"$80,476,036.65 ","2,329,263"
LXP,LXP Industrial Trust,<0.01%,Industrial REITs,US,---,"$80,119,415.04 ","8,941,899"
UNF,UniFirst Corp/MA,<0.01%,Diversified Support Services,US,---,"$79,572,241.41 ","475,939"
SYNA,Synaptics Inc,<0.01%,Semiconductors,US,---,"$79,502,928.96 ","1,163,344"
RXO,RXO Inc,<0.01%,Cargo Ground Transportation,US,---,"$79,399,865.20 ","5,162,540"
DJT,Trump Media & Technology Group Corp,<0.01%,Interactive Media & Services,US,---,"$79,347,088.48 ","4,832,344"
OII,Oceaneering International Inc,<0.01%,Oil & Gas Equipment & Services,US,---,"$79,308,538.68 ","3,200,506"
HURN,Huron Consulting Group Inc,<0.01%,Research & Consulting Services,US,---,"$79,217,346.26 ","539,738"
QUBT,Quantum Computing Inc,<0.01%,"Technology Hardware, Storage & Peripherals",US,---,"$79,138,698.80 ","4,298,680"
DEI,Douglas Emmett Inc,<0.01%,Office REITs,US,---,"$79,002,647.10 ","5,074,030"
ALRM,Alarm.com Holdings Inc,<0.01%,Application Software,US,---,"$78,881,232.56 ","1,486,082"
FLO,Flowers Foods Inc,<0.01%,Packaged Foods & Meats,US,---,"$78,738,466.95 ","6,033,599"
CNXC,Concentrix Corp,<0.01%,Data Processing & Outsourced Services,US,---,"$78,418,910.70 ","1,699,218"
FBK,FB Financial Corp,<0.01%,Regional Banks,US,---,"$78,098,763.24 ","1,401,126"
SHOO,Steven Madden Ltd,<0.01%,Footwear,US,---,"$77,853,789.36 ","2,325,382"
SMG,Scotts Miracle-Gro Co/The,<0.01%,Fertilizers & Agricultural Chemicals,US,---,"$77,786,182.60 ","1,365,868"
BOKF,BOK Financial Corp,<0.01%,Regional Banks,US,---,"$77,727,394.08 ","697,482"
WLK,Westlake Corp,<0.01%,Commodity Chemicals,US,---,"$77,665,845.72 ","1,007,862"
BFH,Bread Financial Holdings Inc,<0.01%,Consumer Finance,US,---,"$77,655,821.10 ","1,392,430"
HHH,Howard Hughes Holdings Inc,<0.01%,Real Estate Development,US,---,"$77,413,753.89 ","942,117"
DXC,DXC Technology Co,<0.01%,IT Consulting & Other Services,US,---,"$77,179,479.73 ","5,662,471"
ALHC,Alignment Healthcare Inc,<0.01%,Managed Health Care,US,---,"$76,979,505.85 ","4,411,433"
BBAI,BigBear.ai Holdings Inc,<0.01%,IT Consulting & Other Services,US,---,"$76,884,003.00 ","11,792,025"
PBF,PBF Energy Inc,<0.01%,Oil & Gas Refining & Marketing,US,---,"$76,832,702.03 ","2,546,659"
CAKE,Cheesecake Factory Inc/The,<0.01%,Restaurants,US,---,"$76,730,241.68 ","1,404,287"
KGS,Kodiak Gas Services Inc,<0.01%,Oil & Gas Equipment & Services,US,---,"$76,677,850.32 ","2,074,056"
CVBF,CVB Financial Corp,<0.01%,Regional Banks,US,---,"$76,489,229.19 ","4,044,909"
APLS,Apellis Pharmaceuticals Inc,<0.01%,Biotechnology,US,---,"$76,327,844.43 ","3,372,861"
KRMN,Karman Holdings Inc,<0.01%,Aerospace & Defense,US,---,"$76,229,265.40 ","1,055,807"
WAFD,WaFd Inc,<0.01%,Regional Banks,US,---,"$75,832,923.27 ","2,503,563"
MTRN,Materion Corp,<0.01%,Diversified Metals & Mining,US,---,"$75,668,377.02 ","626,342"
PFS,Provident Financial Services Inc,<0.01%,Regional Banks,US,---,"$75,616,584.16 ","3,922,022"
FWONA,Liberty Media Corp-Liberty Formula One,<0.01%,Movies & Entertainment,US,---,"$75,420,143.64 ","792,062"
PRK,Park National Corp,<0.01%,Regional Banks,US,---,"$75,276,257.09 ","463,153"
FOLD,Amicus Therapeutics Inc,<0.01%,Biotechnology,US,---,"$75,241,738.72 ","9,548,444"
CC,Chemours Co/The,<0.01%,Diversified Chemicals,US,---,"$75,139,225.92 ","4,743,638"
DIOD,Diodes Inc,<0.01%,Semiconductors,US,---,"$75,014,819.48 ","1,409,788"
TOWN,Towne Bank/Portsmouth VA,<0.01%,Regional Banks,US,---,"$74,905,792.02 ","2,166,786"
HAE,Haemonetics Corp,<0.01%,Health Care Supplies,US,---,"$74,310,661.16 ","1,524,634"
MCY,Mercury General Corp,<0.01%,Property & Casualty Insurance,US,---,"$74,171,478.60 ","874,870"
DOCN,DigitalOcean Holdings Inc,<0.01%,Internet Services & Infrastructure,US,---,"$74,144,553.28 ","2,170,508"
UPWK,Upwork Inc,<0.01%,Human Resource & Employment Services,US,---,"$73,766,223.81 ","3,972,333"
CDTX,Cidara Therapeutics Inc,<0.01%,Biotechnology,US,---,"$73,579,494.24 ","768,374"
SMMT,Summit Therapeutics Inc,<0.01%,Biotechnology,US,---,"$73,488,983.56 ","3,557,066"
INOD,Innodata Inc,<0.01%,Research & Consulting Services,US,---,"$73,370,562.93 ","951,999"
BANF,BancFirst Corp,<0.01%,Regional Banks,US,---,"$73,087,847.10 ","577,998"
AVPT,AvePoint Inc,<0.01%,Application Software,US,---,"$73,059,223.70 ","4,867,370"
XMTR,Xometry Inc,<0.01%,Trading Companies & Distributors,US,---,"$72,923,237.66 ","1,338,778"
AGIO,Agios Pharmaceuticals Inc,<0.01%,Biotechnology,US,---,"$72,870,035.58 ","1,815,397"
TRN,Trinity Industries Inc,<0.01%,Construction Machinery & Heavy Transportation Equipment,US,---,"$72,730,909.08 ","2,593,827"
INTA,Intapp Inc,<0.01%,Application Software,US,---,"$72,711,774.60 ","1,777,794"
NOG,Northern Oil & Gas Inc,<0.01%,Oil & Gas Exploration & Production,US,---,"$72,486,332.80 ","2,922,836"
RNG,RingCentral Inc,<0.01%,Application Software,US,---,"$72,349,214.34 ","2,552,901"
DAVE,Dave Inc,<0.01%,Consumer Finance,US,---,"$72,330,758.55 ","362,833"
INSW,International Seaways Inc,<0.01%,Oil & Gas Storage & Transportation,US,---,"$72,282,746.88 ","1,568,636"
GRBK,Green Brick Partners Inc,<0.01%,Homebuilding,US,---,"$72,257,164.14 ","978,299"
MPW,Medical Properties Trust Inc,<0.01%,Health Care REITs,US,---,"$72,150,460.20 ","14,230,860"
PINC,Premier Inc,<0.01%,Health Care Services,US,---,"$72,112,060.20 ","2,593,959"
IAC,IAC Inc,<0.01%,Interactive Media & Services,US,---,"$72,101,727.74 ","2,116,282"
FFBC,First Financial Bancorp,<0.01%,Regional Banks,US,---,"$71,872,079.75 ","2,846,419"
CPRX,Catalyst Pharmaceuticals Inc,<0.01%,Biotechnology,US,---,"$71,789,912.60 ","3,644,158"
SMPL,Simply Good Foods Co/The,<0.01%,Packaged Foods & Meats,US,---,"$71,741,093.10 ","2,890,455"
TDW,Tidewater Inc,<0.01%,Oil & Gas Equipment & Services,US,---,"$71,485,451.88 ","1,340,436"
CPRI,Capri Holdings Ltd,<0.01%,"Apparel, Accessories & Luxury Goods",US,---,"$71,047,926.96 ","3,566,663"
TARS,Tarsus Pharmaceuticals Inc,<0.01%,Pharmaceuticals,US,---,"$71,032,340.61 ","1,195,227"
EPAC,Enerpac Tool Group Corp,<0.01%,Industrial Machinery & Supplies & Components,US,---,"$70,697,038.00 ","1,724,318"
POWI,Power Integrations Inc,<0.01%,Semiconductors,US,---,"$70,396,089.31 ","1,750,711"
IDYA,Ideaya Biosciences Inc,<0.01%,Biotechnology,US,---,"$70,386,392.64 ","2,586,784"
BEAM,Beam Therapeutics Inc,<0.01%,Biotechnology,US,---,"$69,497,387.70 ","2,863,510"
NWL,Newell Brands Inc,<0.01%,Housewares & Specialties,US,---,"$69,431,126.60 ","13,250,215"
HBI,Hanesbrands Inc,<0.01%,"Apparel, Accessories & Luxury Goods",US,---,"$69,277,019.14 ","10,512,446"
INSP,Inspire Medical Systems Inc,<0.01%,Health Care Equipment,US,---,"$69,270,226.20 ","933,561"
PRDO,Perdoceo Education Corp,<0.01%,Education Services,US,---,"$69,266,606.92 ","1,839,262"
ADUS,Addus HomeCare Corp,<0.01%,Health Care Services,US,---,"$69,207,742.44 ","586,556"
LEVI,Levi Strauss & Co,<0.01%,"Apparel, Accessories & Luxury Goods",US,---,"$69,164,838.40 ","2,968,448"
ETNB,89bio Inc,<0.01%,Biotechnology,US,---,"$69,152,592.60 ","4,704,258"
CRVL,CorVel Corp,<0.01%,Health Care Services,US,---,"$68,915,800.10 ","890,155"
ASH,Ashland Inc,<0.01%,Specialty Chemicals,US,---,"$68,597,250.54 ","1,431,794"
ACHC,Acadia Healthcare Co Inc,<0.01%,Health Care Facilities,US,---,"$68,525,800.76 ","2,767,601"
EVTC,EVERTEC Inc,<0.01%,Transaction & Payment Processing Services,US,---,"$68,509,049.10 ","2,028,095"
IVT,InvenTrust Properties Corp,<0.01%,Retail REITs,US,---,"$68,078,165.04 ","2,378,692"
TRMK,Trustmark Corp,<0.01%,Regional Banks,US,---,"$67,927,345.20 ","1,715,337"
PCT,PureCycle Technologies Inc,<0.01%,Commodity Chemicals,US,---,"$67,822,584.65 ","5,157,611"
PHIN,Phinia Inc,<0.01%,Automotive Parts & Equipment,US,---,"$67,820,422.08 ","1,179,896"
ADPT,Adaptive Biotechnologies Corp,<0.01%,Life Sciences Tools & Services,US,---,"$67,789,639.28 ","4,531,393"
HCI,HCI Group Inc,<0.01%,Property & Casualty Insurance,US,---,"$67,736,511.39 ","352,923"
UNFI,United Natural Foods Inc,<0.01%,Food Distributors,US,---,"$67,577,445.54 ","1,796,317"
EYE,National Vision Holdings Inc,<0.01%,Other Specialty Retail,US,---,"$67,038,016.71 ","2,296,609"
CWEN,Clearway Energy Inc,<0.01%,Renewable Electricity,US,---,"$66,898,175.25 ","2,368,077"
BANR,Banner Corp,<0.01%,Regional Banks,US,---,"$66,869,867.00 ","1,020,914"
FRME,First Merchants Corp,<0.01%,Regional Banks,US,---,"$66,855,898.20 ","1,773,366"
TVTX,Travere Therapeutics Inc,<0.01%,Biotechnology,US,---,"$66,810,896.50 ","2,795,435"
CACC,Credit Acceptance Corp,<0.01%,Consumer Finance,US,---,"$66,501,104.46 ","142,422"
CURB,Curbline Properties Corp,<0.01%,Retail REITs,US,---,"$66,464,146.50 ","2,980,455"
BANC,Banc of California Inc,<0.01%,Regional Banks,US,---,"$66,352,425.50 ","4,009,210"
BRZE,Braze Inc,<0.01%,Application Software,US,---,"$66,343,865.04 ","2,332,766"
CHEF,Chefs' Warehouse Inc/The,<0.01%,Food Distributors,US,---,"$66,292,978.28 ","1,136,516"
LCII,LCI Industries,<0.01%,Automotive Parts & Equipment,US,---,"$66,288,520.80 ","711,632"
WWW,Wolverine World Wide Inc,<0.01%,Footwear,US,---,"$66,204,323.36 ","2,412,694"
ATKR,Atkore Inc,<0.01%,Electrical Components & Equipment,US,---,"$66,016,408.28 ","1,052,222"
CXW,CoreCivic Inc,<0.01%,Security & Alarm Services,US,---,"$65,858,135.20 ","3,236,272"
NBTB,NBT Bancorp Inc,<0.01%,Regional Banks,US,---,"$65,848,337.28 ","1,576,828"
FBNC,First Bancorp/Southern Pines NC,<0.01%,Regional Banks,US,---,"$65,796,588.03 ","1,244,027"
NSA,National Storage Affiliates Trust,<0.01%,Self-Storage REITs,US,---,"$65,507,833.56 ","2,167,698"
VAC,Marriott Vacations Worldwide Corp,<0.01%,"Hotels, Resorts & Cruise Lines",US,---,"$65,425,751.04 ","982,959"
MQ,Marqeta Inc,<0.01%,Transaction & Payment Processing Services,US,---,"$65,381,696.16 ","12,382,897"
JOE,St Joe Co/The,<0.01%,Diversified Real Estate Activities,US,---,"$65,141,360.12 ","1,316,519"
HNI,HNI Corp,<0.01%,Office Services & Supplies,US,---,"$64,968,675.30 ","1,386,738"
EFSC,Enterprise Financial Services Corp,<0.01%,Regional Banks,US,---,"$64,941,020.82 ","1,120,059"
FUN,Six Flags Entertainment Corp,<0.01%,Leisure Facilities,US,---,"$64,896,340.16 ","2,856,353"
DBRG,DigitalBridge Group Inc,<0.01%,Asset Management & Custody Banks,US,---,"$64,875,809.70 ","5,544,941"
STC,Stewart Information Services Corp,<0.01%,Property & Casualty Insurance,US,---,"$64,639,645.20 ","881,610"
GOLF,Acushnet Holdings Corp,<0.01%,Leisure Products,US,---,"$64,631,334.66 ","823,434"
AI,C3.ai Inc,<0.01%,Application Software,US,---,"$64,612,360.02 ","3,726,203"
GT,Goodyear Tire & Rubber Co/The,<0.01%,Tires & Rubber,US,---,"$64,330,924.68 ","8,600,391"
ARQT,Arcutis Biotherapeutics Inc,<0.01%,Biotechnology,US,---,"$64,169,829.75 ","3,404,235"
NGVT,Ingevity Corp,<0.01%,Specialty Chemicals,US,---,"$64,050,809.69 ","1,160,551"
RXRX,Recursion Pharmaceuticals Inc,<0.01%,Biotechnology,US,---,"$63,960,749.68 ","13,106,711"
QDEL,QuidelOrtho Corp,<0.01%,Health Care Equipment,US,---,"$63,945,403.45 ","2,171,321"
OI,O-I Glass Inc,<0.01%,"Metal, Glass & Plastic Containers",US,---,"$63,933,124.76 ","4,929,308"
HUBG,Hub Group Inc,<0.01%,Air Freight & Logistics,US,---,"$63,739,761.12 ","1,850,748"
WGS,GeneDx Holdings Corp,<0.01%,Health Care Services,US,---,"$63,616,160.40 ","590,460"
SYBT,Stock Yards Bancorp Inc,<0.01%,Regional Banks,US,---,"$63,547,280.52 ","907,948"
ABR,Arbor Realty Trust Inc,<0.01%,Mortgage REITs,US,---,"$63,466,420.05 ","5,197,905"
VSCO,Victoria's Secret & Co,<0.01%,Apparel Retail,US,---,"$63,305,895.52 ","2,332,568"
MTX,Minerals Technologies Inc,<0.01%,Specialty Chemicals,US,---,"$63,301,584.52 ","1,019,021"
BUSE,First Busey Corp,<0.01%,Regional Banks,US,---,"$62,988,811.85 ","2,720,899"
OCUL,Ocular Therapeutix Inc,<0.01%,Pharmaceuticals,US,---,"$62,965,145.60 ","5,386,240"
ASGN,ASGN Inc,<0.01%,IT Consulting & Other Services,US,---,"$62,902,865.10 ","1,328,466"
CUBI,Customers Bancorp Inc,<0.01%,Regional Banks,US,---,"$62,574,582.69 ","957,237"
BBT,Beacon Financial Corp,<0.01%,Regional Banks,US,---,"$62,496,027.21 ","2,635,851"
HP,Helmerich & Payne Inc,<0.01%,Oil & Gas Drilling,US,---,"$62,426,428.36 ","2,826,004"
ALG,Alamo Group Inc,<0.01%,Agricultural & Farm Machinery,US,---,"$62,141,386.20 ","325,518"
OFG,OFG Bancorp,<0.01%,Regional Banks,US,---,"$62,026,873.17 ","1,426,233"
TNET,TriNet Group Inc,<0.01%,Human Resource & Employment Services,US,---,"$61,426,692.36 ","918,324"
BKD,Brookdale Senior Living Inc,<0.01%,Health Care Facilities,US,---,"$61,389,382.67 ","7,247,861"
PTEN,Patterson-UTI Energy Inc,<0.01%,Oil & Gas Drilling,US,---,"$61,289,526.90 ","11,831,955"
ACMR,ACM Research Inc,<0.01%,Semiconductor Materials & Equipment,US,---,"$61,256,841.10 ","1,565,470"
PPC,Pilgrim's Pride Corp,<0.01%,Packaged Foods & Meats,US,---,"$61,198,128.72 ","1,502,901"
ONDS,Ondas Holdings Inc,<0.01%,Communications Equipment,US,---,"$61,181,725.68 ","7,925,094"
AORT,Artivion Inc,<0.01%,Health Care Equipment,US,---,"$61,155,303.24 ","1,444,386"
CELC,Celcuity Inc,<0.01%,Biotechnology,US,---,"$61,077,666.00 ","1,236,390"
IOSP,Innospec Inc,<0.01%,Specialty Chemicals,US,---,"$60,964,887.60 ","790,110"
TDC,Teradata Corp,<0.01%,Systems Software,US,---,"$60,944,476.59 ","2,833,309"
BWIN,Baldwin Insurance Group Inc/The,<0.01%,Insurance Brokers,US,---,"$60,782,112.30 ","2,154,630"
HE,Hawaiian Electric Industries Inc,<0.01%,Electric Utilities,US,---,"$60,496,020.48 ","5,479,712"
NNI,Nelnet Inc,<0.01%,Consumer Finance,US,---,"$60,415,105.28 ","481,856"
HI,Hillenbrand Inc,<0.01%,Industrial Machinery & Supplies & Components,US,---,"$60,355,389.12 ","2,232,078"
VSH,Vishay Intertechnology Inc,<0.01%,Electronic Components,US,---,"$60,178,648.50 ","3,933,245"
LBRT,Liberty Energy Inc,<0.01%,Oil & Gas Equipment & Services,US,---,"$60,175,750.86 ","4,876,479"
NTLA,Intellia Therapeutics Inc,<0.01%,Biotechnology,US,---,"$59,930,803.02 ","3,470,226"
DK,Delek US Holdings Inc,<0.01%,Oil & Gas Refining & Marketing,US,---,"$59,742,580.45 ","1,851,335"
PLUS,ePlus Inc,<0.01%,Technology Distributors,US,---,"$59,722,037.37 ","841,037"
PRGS,Progress Software Corp,<0.01%,Systems Software,US,---,"$59,694,544.08 ","1,358,856"
KWR,Quaker Chemical Corp,<0.01%,Specialty Chemicals,US,---,"$59,233,482.50 ","449,590"
CTRI,Centuri Holdings Inc,<0.01%,Construction & Engineering,US,---,"$59,151,880.29 ","2,794,137"
MLYS,Mineralys Therapeutics Inc,<0.01%,Biotechnology,US,---,"$59,145,871.68 ","1,559,754"
STRA,Strategic Education Inc,<0.01%,Education Services,US,---,"$59,089,558.08 ","687,008"
NWBI,Northwest Bancshares Inc,<0.01%,Regional Banks,US,---,"$58,967,268.57 ","4,759,263"
HMN,Horace Mann Educators Corp,<0.01%,Multi-line Insurance,US,---,"$58,909,629.92 ","1,304,176"
IPGP,IPG Photonics Corp,<0.01%,Electronic Manufacturing Services,US,---,"$58,867,628.68 ","743,372"
CNS,Cohen & Steers Inc,<0.01%,Asset Management & Custody Banks,US,---,"$58,747,456.44 ","895,404"
YELP,Yelp Inc,<0.01%,Interactive Media & Services,US,---,"$58,718,150.40 ","1,881,992"
PRCT,PROCEPT BioRobotics Corp,<0.01%,Health Care Equipment,US,---,"$58,653,053.07 ","1,643,403"
COGT,Cogent Biosciences Inc,<0.01%,Biotechnology,US,---,"$58,627,313.52 ","4,082,682"
KNTK,Kinetik Holdings Inc,<0.01%,Oil & Gas Storage & Transportation,US,---,"$58,446,180.68 ","1,367,482"
NWN,Northwest Natural Holding Co,<0.01%,Gas Utilities,US,---,"$58,406,259.27 ","1,299,939"
TIC,Acuren Corp,<0.01%,Research & Consulting Services,US,---,"$58,162,650.26 ","4,369,846"
WT,WisdomTree Inc,<0.01%,Asset Management & Custody Banks,US,---,"$58,161,269.60 ","4,184,264"
GSAT,Globalstar Inc,<0.01%,Alternative Carriers,US,---,"$58,005,077.76 ","1,593,984"
CCOI,Cogent Communications Holdings Inc,<0.01%,Alternative Carriers,US,---,"$57,970,550.30 ","1,511,618"
PK,Park Hotels & Resorts Inc,<0.01%,Hotel & Resort REITs,US,---,"$57,924,267.76 ","5,227,822"
LLYVA,Liberty Media Corp-Liberty Live,<0.01%,Movies & Entertainment,US,---,"$57,888,601.10 ","613,877"
HLMN,Hillman Solutions Corp,<0.01%,Industrial Machinery & Supplies & Components,US,---,"$57,579,989.40 ","6,272,330"
GRAL,GRAIL Inc,<0.01%,Biotechnology,US,---,"$57,565,183.68 ","973,536"
COCO,Vita Coco Co Inc/The,<0.01%,Soft Drinks & Non-alcoholic Beverages,US,---,"$57,535,000.87 ","1,354,721"
BLBD,Blue Bird Corp,<0.01%,Construction Machinery & Heavy Transportation Equipment,US,---,"$57,508,276.25 ","999,275"
SRPT,Sarepta Therapeutics Inc,<0.01%,Biotechnology,US,---,"$57,268,898.40 ","2,971,920"
KN,Knowles Corp,<0.01%,Electronic Components,US,---,"$57,266,026.65 ","2,456,715"
DDS,Dillard's Inc,<0.01%,Broadline Retail,US,---,"$57,150,941.36 ","93,007"
SCS,Steelcase Inc,<0.01%,Office Services & Supplies,US,---,"$57,120,718.40 ","3,320,972"
ROCK,Gibraltar Industries Inc,<0.01%,Building Products,US,---,"$57,041,428.40 ","908,303"
CSGS,CSG Systems International Inc,<0.01%,Data Processing & Outsourced Services,US,---,"$56,900,653.50 ","883,825"
SDRL,Seadrill Ltd,<0.01%,Oil & Gas Drilling,US,---,"$56,694,955.95 ","1,876,695"
LZ,Legalzoom.com Inc,<0.01%,Research & Consulting Services,US,---,"$56,623,574.70 ","5,455,065"
NTCT,NetScout Systems Inc,<0.01%,Communications Equipment,US,---,"$56,582,423.10 ","2,190,570"
RSI,Rush Street Interactive Inc,<0.01%,Casinos & Gaming,US,---,"$56,570,286.08 ","2,762,221"
GSHD,Goosehead Insurance Inc,<0.01%,Insurance Brokers,US,---,"$56,534,715.82 ","759,671"
LMAT,LeMaitre Vascular Inc,<0.01%,Health Care Equipment,US,---,"$56,419,797.24 ","644,724"
SPNT,SIRIUSPOINT LTD,<0.01%,Reinsurance,US,---,"$56,216,827.71 ","3,107,619"
NTST,NETSTREIT Corp,<0.01%,Retail REITs,US,---,"$56,170,771.86 ","3,110,231"
AMRX,Amneal Pharmaceuticals Inc,<0.01%,Pharmaceuticals,US,---,"$56,139,903.82 ","5,608,382"
SONO,Sonos Inc,<0.01%,Consumer Electronics,US,---,"$56,124,681.00 ","3,552,195"
BKE,Buckle Inc/The,<0.01%,Apparel Retail,US,---,"$56,113,510.74 ","956,589"
MAN,ManpowerGroup Inc,<0.01%,Human Resource & Employment Services,US,---,"$56,067,895.60 ","1,479,364"
FIVN,Five9 Inc,<0.01%,Application Software,US,---,"$55,921,916.60 ","2,310,823"
MSGE,Madison Square Garden Entertainment Corp,<0.01%,Movies & Entertainment,US,---,"$55,871,490.48 ","1,235,002"
VECO,Veeco Instruments Inc,<0.01%,Semiconductor Materials & Equipment,US,---,"$55,743,895.39 ","1,831,873"
CLDX,Celldex Therapeutics Inc,<0.01%,Biotechnology,US,---,"$55,624,975.51 ","2,150,173"
CASH,Pathward Financial Inc,<0.01%,Regional Banks,US,---,"$55,485,889.08 ","749,708"
VERX,Vertex Inc,<0.01%,Application Software,US,---,"$55,405,674.79 ","2,235,001"
PAYO,Payoneer Global Inc,<0.01%,Transaction & Payment Processing Services,US,---,"$55,138,744.10 ","9,113,842"
PARR,Par Pacific Holdings Inc,<0.01%,Oil & Gas Refining & Marketing,US,---,"$55,055,891.66 ","1,554,373"
SHO,Sunstone Hotel Investors Inc,<0.01%,Hotel & Resort REITs,US,---,"$55,050,717.70 ","5,875,210"
VBTX,Veritex Holdings Inc,<0.01%,Regional Banks,US,---,"$55,021,556.45 ","1,640,965"
AMR,Alpha Metallurgical Resources Inc,<0.01%,Steel,US,---,"$54,973,431.80 ","335,020"
ICFI,ICF International Inc,<0.01%,Research & Consulting Services,US,---,"$54,918,390.40 ","591,793"
HLIO,Helios Technologies Inc,<0.01%,Industrial Machinery & Supplies & Components,US,---,"$54,814,121.57 ","1,051,489"
GNL,Global Net Lease Inc,<0.01%,Diversified REITs,US,---,"$54,718,558.50 ","6,730,450"
PBI,Pitney Bowes Inc,<0.01%,Office Services & Supplies,US,---,"$54,631,353.84 ","4,788,024"
AVDX,AvidXchange Holdings Inc,<0.01%,Transaction & Payment Processing Services,US,---,"$54,578,665.35 ","5,485,293"
DNLI,Denali Therapeutics Inc,<0.01%,Biotechnology,US,---,"$54,451,611.72 ","3,750,111"
IPAR,Interparfums Inc,<0.01%,Personal Care Products,US,---,"$54,304,382.68 ","551,986"
CHCO,City Holding Co,<0.01%,Regional Banks,US,---,"$54,265,341.21 ","438,083"
ENOV,Enovis Corp,<0.01%,Health Care Equipment,US,---,"$54,162,057.80 ","1,785,170"
SEI,Solaris Energy Infrastructure Inc,<0.01%,Oil & Gas Equipment & Services,US,---,"$53,971,171.24 ","1,350,292"
LION,Lionsgate Studios Corp,<0.01%,Movies & Entertainment,US,---,"$53,903,372.70 ","7,812,083"
ADEA,Adeia Inc,<0.01%,Systems Software,US,---,"$53,878,154.40 ","3,207,033"
ANIP,ANI Pharmaceuticals Inc,<0.01%,Pharmaceuticals,US,---,"$53,772,497.60 ","587,036"
ARLO,Arlo Technologies Inc,<0.01%,Electronic Equipment & Instruments,US,---,"$53,341,887.30 ","3,147,014"
MBC,Masterbrand Inc,<0.01%,Building Products,US,---,"$53,315,557.86 ","4,048,258"
SGRY,Surgery Partners Inc,<0.01%,Health Care Facilities,US,---,"$53,206,073.24 ","2,458,691"
FCF,First Commonwealth Financial Corp,<0.01%,Regional Banks,US,---,"$53,128,277.40 ","3,116,028"
RAMP,LiveRamp Holdings Inc,<0.01%,Application Software,US,---,"$52,947,236.02 ","1,950,893"
PGNY,Progyny Inc,<0.01%,Managed Health Care,US,---,"$52,816,277.76 ","2,454,288"
TRIP,TripAdvisor Inc,<0.01%,Interactive Media & Services,US,---,"$52,807,959.72 ","3,247,722"
DRH,DiamondRock Hospitality Co,<0.01%,Hotel & Resort REITs,US,---,"$52,687,096.72 ","6,618,982"
ENR,Energizer Holdings Inc,<0.01%,Household Products,US,---,"$52,666,966.21 ","2,115,989"
LTC,LTC Properties Inc,<0.01%,Health Care REITs,US,---,"$52,636,669.76 ","1,428,016"
DV,DoubleVerify Holdings Inc,<0.01%,Advertising,US,---,"$52,598,932.76 ","4,390,562"
VYX,NCR Voyix Corp,<0.01%,Application Software,US,---,"$52,571,937.45 ","4,188,999"
WOR,Worthington Enterprises Inc,<0.01%,Industrial Machinery & Supplies & Components,US,---,"$52,567,785.62 ","947,338"
SKWD,Skyward Specialty Insurance Group Inc,<0.01%,Property & Casualty Insurance,US,---,"$52,491,781.76 ","1,103,696"
BATRK,Atlanta Braves Holdings Inc,<0.01%,Movies & Entertainment,US,---,"$52,477,554.97 ","1,261,783"
SPHR,Sphere Entertainment Co,<0.01%,Movies & Entertainment,US,---,"$52,283,111.64 ","841,647"
NSP,Insperity Inc,<0.01%,Human Resource & Employment Services,US,---,"$52,014,043.20 ","1,057,196"
ATRC,AtriCure Inc,<0.01%,Health Care Equipment,US,---,"$51,735,332.25 ","1,467,669"
ARR,ARMOUR Residential REIT Inc,<0.01%,Mortgage REITs,US,---,"$51,698,659.86 ","3,460,419"
SBH,Sally Beauty Holdings Inc,<0.01%,Other Specialty Retail,US,---,"$51,385,605.92 ","3,156,364"
PAR,PAR Technology Corp,<0.01%,Application Software,US,---,"$51,278,621.02 ","1,295,569"
DX,Dynex Capital Inc,<0.01%,Mortgage REITs,US,---,"$51,261,430.23 ","4,170,987"
BELFB,Bel Fuse Inc,<0.01%,Electronic Components,US,---,"$51,235,104.36 ","363,318"
ENVX,Enovix Corp,<0.01%,Electrical Components & Equipment,US,---,"$51,114,574.86 ","5,126,838"
ATEC,Alphatec Holdings Inc,<0.01%,Health Care Equipment,US,---,"$51,103,912.48 ","3,514,712"
LC,LendingClub Corp,<0.01%,Consumer Finance,US,---,"$51,026,354.33 ","3,359,207"
PRCH,Porch Group Inc,<0.01%,Application Software,US,---,"$51,012,525.62 ","3,040,079"
CCS,Century Communities Inc,<0.01%,Homebuilding,US,---,"$50,931,609.66 ","803,718"
SAM,Boston Beer Co Inc/The,<0.01%,Brewers,US,---,"$50,853,698.28 ","240,534"
KSS,Kohl's Corp,<0.01%,Broadline Retail,US,---,"$50,763,359.72 ","3,302,756"
CRGY,Crescent Energy Co,<0.01%,Oil & Gas Exploration & Production,US,---,"$50,744,898.80 ","5,688,890"
GEF,Greif Inc,<0.01%,"Metal, Glass & Plastic Containers",US,---,"$50,740,482.96 ","849,071"
KMT,Kennametal Inc,<0.01%,Industrial Machinery & Supplies & Components,US,---,"$50,711,485.37 ","2,422,909"
DNOW,DNOW Inc,<0.01%,Trading Companies & Distributors,US,---,"$50,552,865.50 ","3,314,942"
TWST,Twist Bioscience Corp,<0.01%,Biotechnology,US,---,"$50,534,881.32 ","1,795,838"
IRDM,Iridium Communications Inc,<0.01%,Alternative Carriers,US,---,"$50,477,191.74 ","2,891,019"
UTI,Universal Technical Institute Inc,<0.01%,Education Services,US,---,"$50,391,240.90 ","1,548,118"
TILE,Interface Inc,<0.01%,Office Services & Supplies,US,---,"$50,340,174.98 ","1,739,467"
ACVA,ACV Auctions Inc,<0.01%,Diversified Support Services,US,---,"$50,311,583.50 ","5,076,850"
BCRX,BioCryst Pharmaceuticals Inc,<0.01%,Biotechnology,US,---,"$50,233,693.95 ","6,618,405"
ZD,Ziff Davis Inc,<0.01%,Interactive Media & Services,US,---,"$49,900,103.40 ","1,309,714"
LKFN,Lakeland Financial Corp,<0.01%,Regional Banks,US,---,"$49,883,079.00 ","776,995"
VCEL,Vericel Corp,<0.01%,Biotechnology,US,---,"$49,846,812.09 ","1,583,947"
FLYW,Flywire Corp,<0.01%,Transaction & Payment Processing Services,US,---,"$49,779,457.96 ","3,676,474"
AIN,Albany International Corp,<0.01%,Industrial Machinery & Supplies & Components,US,---,"$49,536,167.20 ","929,384"
DYN,Dyne Therapeutics Inc,<0.01%,Biotechnology,US,---,"$49,535,148.30 ","3,915,822"
CECO,CECO Environmental Corp,<0.01%,Environmental & Facilities Services,US,---,"$49,467,801.60 ","966,168"
TPB,Turning Point Brands Inc,<0.01%,Tobacco,US,---,"$49,446,410.76 ","500,166"
WINA,Winmark Corp,<0.01%,Other Specialty Retail,US,---,"$48,881,014.00 ","98,200"
AAOI,Applied Optoelectronics Inc,<0.01%,Communications Equipment,US,---,"$48,872,578.77 ","1,884,789"
MNKD,MannKind Corp,<0.01%,Biotechnology,US,---,"$48,786,245.94 ","9,084,962"
AMC,AMC Entertainment Holdings Inc,<0.01%,Movies & Entertainment,US,---,"$48,775,366.80 ","16,819,092"
HTO,H2O America,<0.01%,Water Utilities,US,---,"$48,753,570.00 ","1,001,100"
APGE,Apogee Therapeutics Inc,<0.01%,Biotechnology,US,---,"$48,689,234.19 ","1,225,503"
JJSF,J & J Snack Foods Corp,<0.01%,Packaged Foods & Meats,US,---,"$48,647,676.48 ","506,272"
WLY,John Wiley & Sons Inc,<0.01%,Publishing,US,---,"$48,521,142.27 ","1,198,941"
VERA,Vera Therapeutics Inc,<0.01%,Biotechnology,US,---,"$48,509,393.04 ","1,669,284"
LNN,Lindsay Corp,<0.01%,Agricultural & Farm Machinery,US,---,"$48,467,055.84 ","344,814"
ARCB,ArcBest Corp,<0.01%,Cargo Ground Transportation,US,---,"$48,454,425.78 ","693,494"
ALKT,Alkami Technology Inc,<0.01%,Application Software,US,---,"$48,291,717.24 ","1,944,111"
VRDN,Viridian Therapeutics Inc,<0.01%,Biotechnology,US,---,"$48,279,423.40 ","2,237,230"
AGM,Federal Agricultural Mortgage Corp,<0.01%,Commercial & Residential Mortgage Finance,US,---,"$48,146,091.64 ","286,618"
IIPR,Innovative Industrial Properties Inc,<0.01%,Industrial REITs,US,---,"$48,059,009.64 ","896,958"
CENX,Century Aluminum Co,<0.01%,Aluminum,US,---,"$48,015,725.68 ","1,635,413"
PZZA,Papa John's International Inc,<0.01%,Restaurants,US,---,"$48,014,361.45 ","997,183"
GTY,Getty Realty Corp,<0.01%,Retail REITs,US,---,"$47,927,072.92 ","1,786,324"
SLVM,Sylvamo Corp,<0.01%,Paper Products,US,---,"$47,913,033.30 ","1,083,515"
NIC,Nicolet Bankshares Inc,<0.01%,Regional Banks,US,---,"$47,880,924.00 ","355,992"
NHC,National HealthCare Corp,<0.01%,Health Care Facilities,US,---,"$47,704,096.94 ","392,594"
CENTA,Central Garden & Pet Co,<0.01%,Household Products,US,---,"$47,603,866.03 ","1,612,051"
ROG,Rogers Corp,<0.01%,Electronic Components,US,---,"$47,432,296.44 ","589,514"
HTH,Hilltop Holdings Inc,<0.01%,Regional Banks,US,---,"$47,325,727.80 ","1,416,090"
OS,Onestream Inc,<0.01%,Systems Software,US,---,"$47,301,479.64 ","2,566,548"
ELME,Elme Communities,<0.01%,Multi-Family Residential REITs,US,---,"$47,292,468.60 ","2,805,010"
STBA,S&T Bancorp Inc,<0.01%,Regional Banks,US,---,"$47,256,042.96 ","1,257,144"
HUN,Huntsman Corp,<0.01%,Diversified Chemicals,US,---,"$47,063,183.22 ","5,240,889"
DXPE,DXP Enterprises Inc/TX,<0.01%,Trading Companies & Distributors,US,---,"$46,947,514.95 ","394,285"
GO,Grocery Outlet Holding Corp,<0.01%,Food Retail,US,---,"$46,902,594.00 ","2,922,280"
IRON,Disc Medicine Inc,<0.01%,Biotechnology,US,---,"$46,718,031.36 ","706,992"
CLMT,Calumet Inc,<0.01%,Oil & Gas Refining & Marketing,US,---,"$46,715,017.75 ","2,559,727"
CERT,Certara Inc,<0.01%,Health Care Technology,US,---,"$46,686,839.94 ","3,820,527"
CNMD,CONMED Corp,<0.01%,Health Care Equipment,US,---,"$46,573,056.52 ","990,284"
KNSA,Kiniksa Pharmaceuticals International Plc,<0.01%,Biotechnology,US,---,"$46,282,253.60 ","1,191,920"
NSSC,Napco Security Technologies Inc,<0.01%,Electronic Equipment & Instruments,US,---,"$46,131,005.85 ","1,074,063"
UFPT,UFP Technologies Inc,<0.01%,Health Care Supplies,US,---,"$46,128,757.60 ","231,106"
HROW,Harrow Inc,<0.01%,Pharmaceuticals,US,---,"$46,120,449.54 ","957,253"
LQDA,Liquidia Corp,<0.01%,Pharmaceuticals,US,---,"$45,854,345.88 ","2,016,462"
TRS,TriMas Corp,<0.01%,"Metal, Glass & Plastic Containers",US,---,"$45,848,369.28 ","1,186,552"
NBHC,National Bank Holdings Corp,<0.01%,Regional Banks,US,---,"$45,811,429.44 ","1,185,596"
EWTX,Edgewise Therapeutics Inc,<0.01%,Pharmaceuticals,US,---,"$45,795,515.56 ","2,823,398"
CRK,Comstock Resources Inc,<0.01%,Oil & Gas Exploration & Production,US,---,"$45,748,662.69 ","2,307,043"
ARI,Apollo Commercial Real Estate Finance Inc,<0.01%,Mortgage REITs,US,---,"$45,645,557.14 ","4,505,978"
FUBO,fuboTV Inc,<0.01%,Interactive Media & Services,US,---,"$45,224,566.90 ","10,897,486"
COTY,Coty Inc,<0.01%,Personal Care Products,US,---,"$45,170,326.96 ","11,180,774"
MD,Pediatrix Medical Group Inc,<0.01%,Health Care Services,US,---,"$45,169,624.50 ","2,696,694"
JBLU,JetBlue Airways Corp,<0.01%,Passenger Airlines,US,---,"$45,080,001.84 ","9,162,602"
JBGS,JBG SMITH Properties,<0.01%,Office REITs,US,---,"$45,057,073.25 ","2,025,037"
OUST,Ouster Inc,<0.01%,Electronic Equipment & Instruments,US,---,"$44,929,725.40 ","1,660,988"
ATRO,Astronics Corp,<0.01%,Aerospace & Defense,US,---,"$44,901,083.77 ","984,457"
LZB,La-Z-Boy Inc,<0.01%,Home Furnishings,US,---,"$44,761,688.40 ","1,304,245"
TNC,Tennant Co,<0.01%,Industrial Machinery & Supplies & Components,US,---,"$44,603,427.12 ","550,252"
WERN,Werner Enterprises Inc,<0.01%,Cargo Ground Transportation,US,---,"$44,554,522.32 ","1,692,801"
PRKS,United Parks & Resorts Inc,<0.01%,Leisure Facilities,US,---,"$44,470,323.70 ","860,161"
PD,PagerDuty Inc,<0.01%,Application Software,US,---,"$44,223,296.60 ","2,676,955"
VITL,Vital Farms Inc,<0.01%,Packaged Foods & Meats,US,---,"$44,054,778.50 ","1,070,590"
ALIT,Alight Inc,<0.01%,Human Resource & Employment Services,US,---,"$43,936,623.92 ","13,477,492"
AVDL,Avadel Pharmaceuticals PLC,<0.01%,Pharmaceuticals,US,---,"$43,893,065.28 ","2,874,464"
NVCR,Novocure Ltd,<0.01%,Health Care Equipment,US,---,"$43,531,575.64 ","3,369,317"
TRUP,Trupanion Inc,<0.01%,Property & Casualty Insurance,US,---,"$43,488,696.16 ","1,004,822"
STEL,Stellar Bancorp Inc,<0.01%,Regional Banks,US,---,"$43,402,249.86 ","1,430,529"
WKC,World Kinect Corp,<0.01%,Oil & Gas Refining & Marketing,US,---,"$43,264,125.45 ","1,667,211"
GBX,Greenbrier Cos Inc/The,<0.01%,Construction Machinery & Heavy Transportation Equipment,US,---,"$43,215,535.53 ","936,009"
SILA,Sila Realty Trust Inc,<0.01%,Health Care REITs,US,---,"$43,211,130.90 ","1,721,559"
DBD,Diebold Nixdorf Inc,<0.01%,"Technology Hardware, Storage & Peripherals",US,---,"$43,103,673.21 ","755,807"
LASR,nLight Inc,<0.01%,Electronic Equipment & Instruments,US,---,"$42,906,728.92 ","1,448,084"
SEM,Select Medical Holdings Corp,<0.01%,Health Care Facilities,US,---,"$42,805,247.28 ","3,333,742"
HRMY,Harmony Biosciences Holdings Inc,<0.01%,Pharmaceuticals,US,---,"$42,710,641.48 ","1,549,733"
PEB,Pebblebrook Hotel Trust,<0.01%,Hotel & Resort REITs,US,---,"$42,640,173.50 ","3,743,650"
CCB,Coastal Financial Corp/WA,<0.01%,Regional Banks,US,---,"$42,622,765.95 ","394,035"
PLAB,Photronics Inc,<0.01%,Semiconductor Materials & Equipment,US,---,"$42,478,200.90 ","1,850,902"
MCRI,Monarch Casino & Resort Inc,<0.01%,Casinos & Gaming,US,---,"$42,388,496.64 ","400,496"
DCO,Ducommun Inc,<0.01%,Aerospace & Defense,US,---,"$42,276,147.53 ","439,781"
DFIN,Donnelley Financial Solutions Inc,<0.01%,Financial Exchanges & Data,US,---,"$42,088,409.09 ","818,363"
OMCL,Omnicell Inc,<0.01%,Health Care Equipment,US,---,"$41,982,876.60 ","1,378,748"
BHE,Benchmark Electronics Inc,<0.01%,Electronic Manufacturing Services,US,---,"$41,979,138.15 ","1,088,953"
SEZL,Sezzle Inc,<0.01%,Transaction & Payment Processing Services,US,---,"$41,893,938.57 ","526,769"
TDOC,Teladoc Health Inc,<0.01%,Health Care Technology,US,---,"$41,891,049.86 ","5,419,282"
FDP,Fresh Del Monte Produce Inc,<0.01%,Agricultural Products & Services,US,---,"$41,840,030.40 ","1,205,070"
PENG,Penguin Solutions Inc,<0.01%,Semiconductors,US,---,"$41,803,201.80 ","1,590,685"
WEN,Wendy's Co/The,<0.01%,Restaurants,US,---,"$41,685,795.16 ","4,550,851"
UVV,Universal Corp/VA,<0.01%,Tobacco,US,---,"$41,653,878.50 ","745,550"
NVAX,Novavax Inc,<0.01%,Biotechnology,US,---,"$41,626,508.04 ","4,801,212"
GABC,German American Bancorp Inc,<0.01%,Regional Banks,US,---,"$41,506,347.96 ","1,056,948"
TXG,10X Genomics Inc,<0.01%,Life Sciences Tools & Services,US,---,"$41,468,334.46 ","3,547,334"
VG,Venture Global Inc,<0.01%,Oil & Gas Exploration & Production,US,---,"$41,463,534.75 ","2,922,025"
HOPE,Hope Bancorp Inc,<0.01%,Regional Banks,US,---,"$41,460,945.90 ","3,849,670"
METC,Ramaco Resources Inc,<0.01%,Steel,US,---,"$41,366,356.50 ","1,246,350"
XHR,Xenia Hotels & Resorts Inc,<0.01%,Hotel & Resort REITs,US,---,"$41,344,328.20 ","3,013,435"
WLDN,Willdan Group Inc,<0.01%,Research & Consulting Services,US,---,"$41,326,176.21 ","427,409"
AAMI,Acadian Asset Management Inc,<0.01%,Asset Management & Custody Banks,US,---,"$41,315,597.12 ","857,882"
PHR,Phreesia Inc,<0.01%,Health Care Technology,US,---,"$41,248,152.96 ","1,753,748"
JBI,Janus International Group Inc,<0.01%,Building Products,US,---,"$41,184,104.85 ","4,172,655"
SNDX,Syndax Pharmaceuticals Inc,<0.01%,Biotechnology,US,---,"$41,103,381.41 ","2,671,653"
AMLX,Amylyx Pharmaceuticals Inc,<0.01%,Pharmaceuticals,US,---,"$41,062,850.91 ","3,021,549"
COUR,Coursera Inc,<0.01%,Education Services,US,---,"$41,041,407.07 ","3,504,817"
USLM,United States Lime & Minerals Inc,<0.01%,Construction Materials,US,---,"$40,957,697.85 ","311,347"
COLM,Columbia Sportswear Co,<0.01%,"Apparel, Accessories & Luxury Goods",US,---,"$40,943,734.90 ","782,863"
ALEX,Alexander & Baldwin Inc,<0.01%,Diversified REITs,US,---,"$40,852,975.57 ","2,245,903"
ASTH,Astrana Health Inc,<0.01%,Health Care Services,US,---,"$40,764,635.10 ","1,437,906"
DNTH,Dianthus Therapeutics Inc,<0.01%,Biotechnology,US,---,"$40,714,972.80 ","1,034,688"
SOC,Sable Offshore Corp,<0.01%,Oil & Gas Exploration & Production,US,---,"$40,699,137.78 ","2,330,993"
ANDE,Andersons Inc/The,<0.01%,Food Distributors,US,---,"$40,512,925.17 ","1,017,657"
DCOM,Dime Community Bancshares Inc,<0.01%,Regional Banks,US,---,"$40,505,142.78 ","1,357,866"
REYN,Reynolds Consumer Products Inc,<0.01%,Household Products,US,---,"$40,356,902.80 ","1,649,240"
LADR,Ladder Capital Corp,<0.01%,Mortgage REITs,US,---,"$40,325,051.05 ","3,696,155"
PAY,Paymentus Holdings Inc,<0.01%,Transaction & Payment Processing Services,US,---,"$40,135,388.40 ","1,311,614"
USPH,US Physical Therapy Inc,<0.01%,Health Care Facilities,US,---,"$40,125,707.75 ","472,345"
CRAI,CRA International Inc,<0.01%,Research & Consulting Services,US,---,"$40,024,414.08 ","191,936"
DGII,Digi International Inc,<0.01%,Communications Equipment,US,---,"$39,940,398.68 ","1,095,458"
EFC,Ellington Financial Inc,<0.01%,Mortgage REITs,US,---,"$39,904,310.16 ","3,074,292"
FIGR,Figure Technology Solutions Inc,<0.01%,Consumer Finance,US,---,"$39,860,247.05 ","1,095,965"
ATEN,A10 Networks Inc,<0.01%,Systems Software,US,---,"$39,807,959.40 ","2,193,276"
WABC,Westamerica BanCorp,<0.01%,Regional Banks,US,---,"$39,797,088.99 ","796,101"
VRTS,Virtus Investment Partners Inc,<0.01%,Asset Management & Custody Banks,US,---,"$39,491,084.45 ","207,815"
NVTS,Navitas Semiconductor Corp,<0.01%,Semiconductors,US,---,"$39,360,754.16 ","5,451,628"
NEXT,NextDecade Corp,<0.01%,Oil & Gas Storage & Transportation,US,---,"$39,345,157.46 ","5,794,574"
ARRY,Array Technologies Inc,<0.01%,Electrical Components & Equipment,US,---,"$39,263,350.35 ","4,817,589"
ARDX,Ardelyx Inc,<0.01%,Biotechnology,US,---,"$39,133,546.27 ","7,102,277"
PRLB,Proto Labs Inc,<0.01%,Industrial Machinery & Supplies & Components,US,---,"$39,112,353.34 ","781,778"
NEOG,Neogen Corp,<0.01%,Health Care Supplies,US,---,"$39,099,527.63 ","6,847,553"
APPN,Appian Corp,<0.01%,Systems Software,US,---,"$39,084,264.69 ","1,278,517"
VRNT,Verint Systems Inc,<0.01%,Application Software,US,---,"$39,039,914.25 ","1,927,897"
SHLS,Shoals Technologies Group Inc,<0.01%,Electrical Components & Equipment,US,---,"$38,883,745.29 ","5,247,469"
HCSG,Healthcare Services Group Inc,<0.01%,Diversified Support Services,US,---,"$38,860,099.74 ","2,308,978"
SAIL,SailPoint Inc,<0.01%,Application Software,US,---,"$38,824,345.92 ","1,758,349"
DVAX,Dynavax Technologies Corp,<0.01%,Biotechnology,US,---,"$38,786,013.99 ","3,905,943"
PWP,Perella Weinberg Partners,<0.01%,Investment Banking & Brokerage,US,---,"$38,775,984.52 ","1,818,761"
PRG,PROG Holdings Inc,<0.01%,Consumer Finance,US,---,"$38,727,509.56 ","1,196,771"
MXL,MaxLinear Inc,<0.01%,Semiconductors,US,---,"$38,482,656.00 ","2,393,200"
MLKN,MillerKnoll Inc,<0.01%,Office Services & Supplies,US,---,"$38,478,308.36 ","2,169,014"
PRA,ProAssurance Corp,<0.01%,Property & Casualty Insurance,US,---,"$38,474,658.21 ","1,603,779"
SDGR,Schrodinger Inc/United States,<0.01%,Health Care Technology,US,---,"$38,413,335.32 ","1,914,922"
XPRO,Expro Group Holdings NV,<0.01%,Oil & Gas Equipment & Services,US,---,"$38,336,950.08 ","3,227,016"
XERS,Xeris Biopharma Holdings Inc,<0.01%,Pharmaceuticals,US,---,"$38,291,015.84 ","4,704,056"
SPB,Spectrum Brands Holdings Inc,<0.01%,Household Products,US,---,"$38,237,532.54 ","727,918"
FA,First Advantage Corp,<0.01%,Human Resource & Employment Services,US,---,"$38,086,402.50 ","2,474,750"
QCRH,QCR Holdings Inc,<0.01%,Regional Banks,US,---,"$38,065,754.36 ","503,249"
PGRE,Paramount Group Inc,<0.01%,Office REITs,US,---,"$37,755,066.84 ","5,772,946"
KALU,Kaiser Aluminum Corp,<0.01%,Aluminum,US,---,"$37,626,148.08 ","487,638"
STOK,Stoke Therapeutics Inc,<0.01%,Biotechnology,US,---,"$37,618,706.00 ","1,600,796"
CNOB,ConnectOne Bancorp Inc,<0.01%,Regional Banks,US,---,"$37,562,712.15 ","1,514,015"
UWMC,UWM Holdings Corp,<0.01%,Commercial & Residential Mortgage Finance,US,---,"$37,493,011.92 ","6,156,488"
TCBK,TriCo Bancshares,<0.01%,Regional Banks,US,---,"$37,462,277.55 ","843,555"
TALO,Talos Energy Inc,<0.01%,Oil & Gas Exploration & Production,US,---,"$37,425,809.33 ","3,902,587"
VVX,V2X Inc,<0.01%,Aerospace & Defense,US,---,"$37,399,619.98 ","643,822"
UPBD,Upbound Group Inc,<0.01%,Other Specialty Retail,US,---,"$37,102,833.54 ","1,570,158"
LENZ,LENZ Therapeutics Inc,<0.01%,Pharmaceuticals,US,---,"$36,978,557.76 ","793,872"
LOB,Live Oak Bancshares Inc,<0.01%,Regional Banks,US,---,"$36,939,651.72 ","1,048,826"
MRC,MRC Global Inc,<0.01%,Trading Companies & Distributors,US,---,"$36,536,660.58 ","2,533,749"
CWEN/A,Clearway Energy Inc,<0.01%,Renewable Electricity,US,---,"$36,528,525.25 ","1,356,425"
UCTT,Ultra Clean Holdings Inc,<0.01%,Semiconductor Materials & Equipment,US,---,"$36,526,663.00 ","1,340,428"
CTS,CTS Corp,<0.01%,Electronic Manufacturing Services,US,---,"$36,489,663.28 ","913,612"
RPD,Rapid7 Inc,<0.01%,Systems Software,US,---,"$36,454,687.50 ","1,944,250"
VICR,Vicor Corp,<0.01%,Electrical Components & Equipment,US,---,"$36,307,483.08 ","730,239"
BFC,Bank First Corp,<0.01%,Regional Banks,US,---,"$36,134,367.08 ","297,868"
LEG,Leggett & Platt Inc,<0.01%,Home Furnishings,US,---,"$35,971,876.56 ","4,050,887"
CLOV,Clover Health Investments Corp,<0.01%,Managed Health Care,US,---,"$35,962,570.44 ","11,752,474"
PFBC,Preferred Bank/Los Angeles CA,<0.01%,Regional Banks,US,---,"$35,939,244.78 ","397,602"
BF/A,Brown-Forman Corp,<0.01%,Distillers & Vintners,US,---,"$35,822,968.74 ","1,331,214"
AZTA,Azenta Inc,<0.01%,Life Sciences Tools & Services,US,---,"$35,766,394.56 ","1,245,348"
PRAX,Praxis Precision Medicines Inc,<0.01%,Biotechnology,US,---,"$35,688,398.00 ","673,366"
HLIT,Harmonic Inc,<0.01%,Communications Equipment,US,---,"$35,674,018.32 ","3,504,324"
MODG,Topgolf Callaway Brands Corp,<0.01%,Leisure Products,US,---,"$35,664,719.50 ","3,754,181"
EVLV,Evolv Technologies Holdings Inc,<0.01%,Electronic Equipment & Instruments,US,---,"$35,623,059.30 ","4,718,286"
PDM,Piedmont Realty Trust Inc,<0.01%,Office REITs,US,---,"$35,570,286.00 ","3,952,254"
INVA,Innoviva Inc,<0.01%,Pharmaceuticals,US,---,"$35,311,049.00 ","1,934,852"
NNE,NANO Nuclear Energy Inc,<0.01%,Heavy Electrical Equipment,US,---,"$35,309,199.20 ","915,695"
BLFS,BioLife Solutions Inc,<0.01%,Life Sciences Tools & Services,US,---,"$35,299,590.05 ","1,383,755"
BBSI,Barrett Business Services Inc,<0.01%,Human Resource & Employment Services,US,---,"$35,242,554.88 ","795,184"
TFIN,Triumph Financial Inc,<0.01%,Regional Banks,US,---,"$35,226,608.76 ","703,969"
PCRX,Pacira BioSciences Inc,<0.01%,Pharmaceuticals,US,---,"$35,224,342.98 ","1,366,874"
SAH,Sonic Automotive Inc,<0.01%,Automotive Retail,US,---,"$35,183,635.55 ","462,395"
ACT,Enact Holdings Inc,<0.01%,Commercial & Residential Mortgage Finance,US,---,"$35,076,269.16 ","914,874"
UMH,UMH Properties Inc,<0.01%,Single-Family Residential REITs,US,---,"$35,039,956.05 ","2,359,593"
ASAN,Asana Inc,<0.01%,Application Software,US,---,"$35,009,372.32 ","2,620,462"
CMPR,Cimpress PLC,<0.01%,Commercial Printing,US,---,"$34,906,445.76 ","553,719"
VMEO,Vimeo Inc,<0.01%,Interactive Media & Services,US,---,"$34,901,846.00 ","4,503,464"
VRE,Veris Residential Inc,<0.01%,Multi-Family Residential REITs,US,---,"$34,884,501.60 ","2,295,033"
CVI,CVR Energy Inc,<0.01%,Oil & Gas Refining & Marketing,US,---,"$34,836,393.60 ","954,945"
NKTR,Nektar Therapeutics,<0.01%,Pharmaceuticals,US,---,"$34,682,143.20 ","609,528"
TRML,Tourmaline Bio Inc,<0.01%,Biotechnology,US,---,"$34,655,035.18 ","724,546"
FSLY,Fastly Inc,<0.01%,Internet Services & Infrastructure,US,---,"$34,345,196.10 ","4,016,982"
IMVT,Immunovant Inc,<0.01%,Biotechnology,US,---,"$34,281,388.44 ","2,126,637"
NTSK,Netskope Inc,<0.01%,Systems Software,US,---,"$34,236,630.63 ","1,506,231"
HPP,Hudson Pacific Properties Inc,<0.01%,Office REITs,US,---,"$34,166,696.88 ","12,379,238"
ASTE,Astec Industries Inc,<0.01%,Construction Machinery & Heavy Transportation Equipment,US,---,"$34,149,967.68 ","709,536"
EZPW,EZCORP Inc,<0.01%,Consumer Finance,US,---,"$34,126,439.20 ","1,792,355"
CDRE,Cadre Holdings Inc,<0.01%,Aerospace & Defense,US,---,"$34,117,718.76 ","934,476"
AIV,Apartment Investment and Management Co,<0.01%,Multi-Family Residential REITs,US,---,"$34,038,446.52 ","4,292,364"
LUNR,Intuitive Machines Inc,<0.01%,Aerospace & Defense,US,---,"$33,984,291.92 ","3,230,446"
WTTR,Select Water Solutions Inc,<0.01%,Oil & Gas Equipment & Services,US,---,"$33,811,657.56 ","3,162,924"
AMRC,Ameresco Inc,<0.01%,Construction & Engineering,US,---,"$33,720,431.56 ","1,004,182"
COLL,Collegium Pharmaceutical Inc,<0.01%,Pharmaceuticals,US,---,"$33,517,935.71 ","957,929"
PMT,PennyMac Mortgage Investment Trust,<0.01%,Mortgage REITs,US,---,"$33,401,818.30 ","2,724,455"
ESRT,Empire State Realty Trust Inc,<0.01%,Office REITs,US,---,"$33,272,404.96 ","4,343,656"
IDT,IDT Corp,<0.01%,Integrated Telecommunication Services,US,---,"$33,165,638.51 ","634,021"
IE,Ivanhoe Electric Inc / US,<0.01%,Diversified Metals & Mining,US,---,"$33,031,449.40 ","2,631,988"
LGIH,LGI Homes Inc,<0.01%,Homebuilding,US,---,"$32,977,587.11 ","637,741"
ORIC,ORIC Pharmaceuticals Inc,<0.01%,Biotechnology,US,---,"$32,889,228.00 ","2,740,769"
NN,NextNav Inc,<0.01%,Application Software,US,---,"$32,693,661.00 ","2,286,270"
LBRDA,Liberty Broadband Corp,<0.01%,Cable & Satellite,US,---,"$32,690,186.04 ","516,188"
RLJ,RLJ Lodging Trust,<0.01%,Hotel & Resort REITs,US,---,"$32,654,275.20 ","4,535,316"
EIG,Employers Holdings Inc,<0.01%,Property & Casualty Insurance,US,---,"$32,650,128.00 ","768,600"
SCL,Stepan Co,<0.01%,Specialty Chemicals,US,---,"$32,570,514.00 ","682,820"
NUVB,Nuvation Bio Inc,<0.01%,Pharmaceuticals,US,---,"$32,426,774.10 ","8,763,993"
OBK,Origin Bancorp Inc,<0.01%,Regional Banks,US,---,"$32,311,341.36 ","936,018"
GBTG,Global Business Travel Group I,<0.01%,"Hotels, Resorts & Cruise Lines",US,---,"$32,099,916.96 ","3,972,762"
TWO,Two Harbors Investment Corp,<0.01%,Mortgage REITs,US,---,"$32,079,286.47 ","3,250,181"
WS,Worthington Steel Inc,<0.01%,Steel,US,---,"$32,047,045.14 ","1,054,526"
SMA,Smartstop Self Storage REIT Inc,<0.01%,Self-Storage REITs,US,---,"$32,033,936.04 ","851,061"
LMB,Limbach Holdings Inc,<0.01%,Construction & Engineering,US,---,"$31,881,485.28 ","328,269"
GRC,Gorman-Rupp Co/The,<0.01%,Industrial Machinery & Supplies & Components,US,---,"$31,808,810.67 ","685,387"
PEBO,Peoples Bancorp Inc/OH,<0.01%,Regional Banks,US,---,"$31,663,651.93 ","1,055,807"
HOUS,Anywhere Real Estate Inc,<0.01%,Real Estate Services,US,---,"$31,655,289.12 ","2,989,168"
SAFT,Safety Insurance Group Inc,<0.01%,Property & Casualty Insurance,US,---,"$31,594,117.91 ","446,939"
WMK,Weis Markets Inc,<0.01%,Food Retail,US,---,"$31,580,324.83 ","439,409"
AMPX,Amprius Technologies Inc,<0.01%,Electrical Components & Equipment,US,---,"$31,456,861.92 ","2,990,196"
IMKTA,Ingles Markets Inc,<0.01%,Food Retail,US,---,"$31,452,806.08 ","452,168"
CSR,Centerspace,<0.01%,Multi-Family Residential REITs,US,---,"$31,373,968.50 ","532,665"
ORC,Orchid Island Capital Inc,<0.01%,Mortgage REITs,US,---,"$31,265,013.59 ","4,460,059"
ALGT,Allegiant Travel Co,<0.01%,Passenger Airlines,US,---,"$31,213,538.18 ","513,634"
IAS,Integral Ad Science Holding Corp,<0.01%,Advertising,US,---,"$31,186,803.33 ","3,066,549"
ROOT,Root Inc/OH,<0.01%,Property & Casualty Insurance,US,---,"$31,158,789.04 ","348,104"
NEO,NeoGenomics Inc,<0.01%,Health Care Services,US,---,"$31,147,968.92 ","4,034,711"
PRO,PROS Holdings Inc,<0.01%,Application Software,US,---,"$31,060,003.40 ","1,355,740"
CIM,Chimera Investment Corp,<0.01%,Mortgage REITs,US,---,"$31,035,258.78 ","2,347,599"
IMNM,Immunome Inc,<0.01%,Biotechnology,US,---,"$31,020,024.20 ","2,649,020"
CBRL,Cracker Barrel Old Country Store Inc,<0.01%,Restaurants,US,---,"$30,998,016.46 ","703,541"
GIII,G-III Apparel Group Ltd,<0.01%,"Apparel, Accessories & Luxury Goods",US,---,"$30,641,015.85 ","1,151,485"
MSEX,Middlesex Water Co,<0.01%,Water Utilities,US,---,"$30,618,173.52 ","565,746"
OCFC,OceanFirst Financial Corp,<0.01%,Regional Banks,US,---,"$30,495,880.03 ","1,735,679"
AMPH,Amphastar Pharmaceuticals Inc,<0.01%,Pharmaceuticals,US,---,"$30,477,233.15 ","1,143,611"
NVRI,Enviri Corp,<0.01%,Environmental & Facilities Services,US,---,"$30,458,423.79 ","2,400,191"
STAA,STAAR Surgical Co,<0.01%,Health Care Supplies,US,---,"$30,408,160.99 ","1,131,677"
REAL,RealReal Inc/The,<0.01%,Apparel Retail,US,---,"$30,334,416.43 ","2,853,661"
UPB,Upstream Bio Inc,<0.01%,Biotechnology,US,---,"$30,319,180.65 ","1,611,865"
CXM,Sprinklr Inc,<0.01%,Application Software,US,---,"$30,266,445.28 ","3,920,524"
RCAT,Red Cat Holdings Inc,<0.01%,Electronic Equipment & Instruments,US,---,"$30,139,375.95 ","2,912,017"
MFA,MFA Financial Inc,<0.01%,Mortgage REITs,US,---,"$30,129,966.40 ","3,278,560"
CRI,Carter's Inc,<0.01%,"Apparel, Accessories & Luxury Goods",US,---,"$30,110,852.88 ","1,067,004"
BV,BrightView Holdings Inc,<0.01%,Environmental & Facilities Services,US,---,"$30,103,394.80 ","2,246,522"
AMWD,American Woodmark Corp,<0.01%,Building Products,US,---,"$29,864,618.68 ","447,343"
DHC,Diversified Healthcare Trust,<0.01%,Health Care REITs,US,---,"$29,864,096.64 ","6,771,904"
AAT,American Assets Trust Inc,<0.01%,Diversified REITs,US,---,"$29,832,950.24 ","1,468,157"
EPC,Edgewell Personal Care Co,<0.01%,Personal Care Products,US,---,"$29,823,470.52 ","1,464,807"
HSII,Heidrick & Struggles International Inc,<0.01%,Human Resource & Employment Services,US,---,"$29,778,237.09 ","598,317"
SRCE,1st Source Corp,<0.01%,Regional Banks,US,---,"$29,752,440.48 ","483,308"
EXPI,eXp World Holdings Inc,<0.01%,Real Estate Services,US,---,"$29,655,672.28 ","2,781,958"
EVH,Evolent Health Inc,<0.01%,Health Care Technology,US,---,"$29,527,362.72 ","3,490,232"
OSBC,Old Second Bancorp Inc,<0.01%,Regional Banks,US,---,"$29,517,750.07 ","1,707,709"
DEA,Easterly Government Properties Inc,<0.01%,Office REITs,US,---,"$29,507,974.96 ","1,286,872"
HLX,Helix Energy Solutions Group Inc,<0.01%,Oil & Gas Equipment & Services,US,---,"$29,503,495.04 ","4,497,484"
ECPG,Encore Capital Group Inc,<0.01%,Consumer Finance,US,---,"$29,498,325.84 ","706,716"
IART,Integra LifeSciences Holdings Corp,<0.01%,Health Care Equipment,US,---,"$29,392,678.57 ","2,051,129"
AHCO,AdaptHealth Corp,<0.01%,Health Care Distributors,US,---,"$29,062,789.05 ","3,247,239"
MEG,Montrose Environmental Group Inc,<0.01%,Environmental & Facilities Services,US,---,"$29,061,604.50 ","1,058,325"
THRM,Gentherm Inc,<0.01%,Automotive Parts & Equipment,US,---,"$28,926,068.08 ","849,268"
EYPT,EyePoint Pharmaceuticals Inc,<0.01%,Pharmaceuticals,US,---,"$28,853,401.28 ","2,026,222"
DRVN,Driven Brands Holdings Inc,<0.01%,Specialized Consumer Services,US,---,"$28,841,684.67 ","1,790,297"
ECVT,Ecovyst Inc,<0.01%,Specialty Chemicals,US,---,"$28,811,324.64 ","3,288,964"
WGO,Winnebago Industries Inc,<0.01%,Automobile Manufacturers,US,---,"$28,759,871.36 ","860,044"
CNNE,Cannae Holdings Inc,<0.01%,Multi-Sector Holdings,US,---,"$28,755,781.76 ","1,570,496"
JANX,Janux Therapeutics Inc,<0.01%,Biotechnology,US,---,"$28,740,780.12 ","1,175,973"
CWH,Camping World Holdings Inc,<0.01%,Automotive Retail,US,---,"$28,691,282.66 ","1,817,054"
RCUS,Arcus Biosciences Inc,<0.01%,Biotechnology,US,---,"$28,671,084.80 ","2,108,168"
CTBI,Community Trust Bancorp Inc,<0.01%,Regional Banks,US,---,"$28,646,344.05 ","511,999"
TRVI,Trevi Therapeutics Inc,<0.01%,Pharmaceuticals,US,---,"$28,574,196.45 ","3,122,863"
FOXF,Fox Factory Holding Corp,<0.01%,Automotive Parts & Equipment,US,---,"$28,442,472.66 ","1,170,954"
SMP,Standard Motor Products Inc,<0.01%,Automotive Parts & Equipment,US,---,"$28,305,730.96 ","693,428"
COHU,Cohu Inc,<0.01%,Semiconductor Materials & Equipment,US,---,"$28,296,269.84 ","1,391,848"
RAPP,Rapport Therapeutics Inc,<0.01%,Pharmaceuticals,US,---,"$28,018,861.20 ","943,396"
SYRE,Spyre Therapeutics Inc,<0.01%,Biotechnology,US,---,"$27,972,138.32 ","1,668,982"
FBRT,Franklin BSP Realty Trust Inc,<0.01%,Mortgage REITs,US,---,"$27,901,935.54 ","2,569,239"
THR,Thermon Group Holdings Inc,<0.01%,Electrical Components & Equipment,US,---,"$27,811,191.36 ","1,040,838"
ELVN,Enliven Therapeutics Inc,<0.01%,Pharmaceuticals,US,---,"$27,733,697.62 ","1,354,846"
TDUP,ThredUp Inc,<0.01%,Apparel Retail,US,---,"$27,534,190.95 ","2,913,671"
NPKI,NPK International Inc,<0.01%,Trading Companies & Distributors,US,---,"$27,514,775.73 ","2,432,783"
KW,Kennedy-Wilson Holdings Inc,<0.01%,Real Estate Operating Companies,US,---,"$27,442,072.32 ","3,298,326"
VTOL,Bristow Group Inc,<0.01%,Oil & Gas Equipment & Services,US,---,"$27,428,845.84 ","760,223"
GLIBK,GCI LIBERTY INC-CL C,<0.01%,Integrated Telecommunication Services,US,---,"$27,401,500.32 ","735,216"
YEXT,Yext Inc,<0.01%,Application Software,US,---,"$27,313,961.28 ","3,205,864"
SNDR,Schneider National Inc,<0.01%,Cargo Ground Transportation,US,---,"$27,283,280.80 ","1,289,380"
NTGR,NETGEAR Inc,<0.01%,Communications Equipment,US,---,"$27,188,878.58 ","839,422"
SEB,Seaboard Corp,<0.01%,Packaged Foods & Meats,US,---,"$27,162,856.00 ","7,448"
HTZ,Hertz Global Holdings Inc,<0.01%,Passenger Ground Transportation,US,---,"$27,143,893.20 ","3,991,749"
PDFS,PDF Solutions Inc,<0.01%,Semiconductor Materials & Equipment,US,---,"$27,129,409.66 ","1,050,713"
RVLV,Revolve Group Inc,<0.01%,Apparel Retail,US,---,"$27,036,601.20 ","1,269,324"
RLAY,Relay Therapeutics Inc,<0.01%,Biotechnology,US,---,"$26,990,881.74 ","5,170,667"
UVSP,Univest Financial Corp,<0.01%,Regional Banks,US,---,"$26,856,102.14 ","894,607"
UTL,Unitil Corp,<0.01%,Multi-Utilities,US,---,"$26,820,600.42 ","560,397"
UNIT,Uniti Group Inc,<0.01%,Integrated Telecommunication Services,US,---,"$26,813,464.20 ","4,381,285"
SCSC,ScanSource Inc,<0.01%,Technology Distributors,US,---,"$26,776,009.16 ","608,684"
NAVI,Navient Corp,<0.01%,Consumer Finance,US,---,"$26,749,993.00 ","2,034,220"
INVX,Innovex International Inc,<0.01%,Oil & Gas Equipment & Services,US,---,"$26,717,549.04 ","1,441,076"
FIZZ,National Beverage Corp,<0.01%,Soft Drinks & Non-alcoholic Beverages,US,---,"$26,716,271.92 ","723,626"
DLX,Deluxe Corp,<0.01%,Commercial Printing,US,---,"$26,684,856.00 ","1,378,350"
DAKT,Daktronics Inc,<0.01%,Electronic Equipment & Instruments,US,---,"$26,465,138.88 ","1,265,064"
GERN,Geron Corp,<0.01%,Biotechnology,US,---,"$26,349,768.96 ","19,233,408"
THS,TreeHouse Foods Inc,<0.01%,Packaged Foods & Meats,US,---,"$26,291,249.63 ","1,300,903"
HFWA,Heritage Financial Corp/WA,<0.01%,Regional Banks,US,---,"$26,281,128.74 ","1,086,446"
XNCR,Xencor Inc,<0.01%,Biotechnology,US,---,"$26,260,056.57 ","2,238,709"
SAFE,Safehold Inc,<0.01%,Other Specialized REITs,US,---,"$26,241,035.87 ","1,694,063"
APOG,Apogee Enterprises Inc,<0.01%,Building Products,US,---,"$26,165,571.37 ","600,541"
JAMF,Jamf Holding Corp,<0.01%,Application Software,US,---,"$26,161,286.00 ","2,444,980"
ZYME,Zymeworks Inc,<0.01%,Biotechnology,US,---,"$26,154,621.08 ","1,531,301"
AEHR,Aehr Test Systems,<0.01%,Semiconductor Materials & Equipment,US,---,"$26,154,208.42 ","868,622"
ERII,Energy Recovery Inc,<0.01%,Industrial Machinery & Supplies & Components,US,---,"$26,126,198.52 ","1,694,306"
BBW,Build-A-Bear Workshop Inc,<0.01%,Other Specialty Retail,US,---,"$26,115,626.85 ","400,485"
UTZ,Utz Brands Inc,<0.01%,Packaged Foods & Meats,US,---,"$26,069,854.05 ","2,145,667"
FMBH,First Mid Bancshares Inc,<0.01%,Regional Banks,US,---,"$26,022,840.28 ","686,981"
ODP,ODP Corp/The,<0.01%,Other Specialty Retail,US,---,"$25,981,571.35 ","932,911"
PRSU,Pursuit Attractions and Hospitality Inc,<0.01%,Leisure Facilities,US,---,"$25,949,453.76 ","717,232"
QNST,QuinStreet Inc,<0.01%,Interactive Media & Services,US,---,"$25,929,034.95 ","1,676,085"
EMBC,Embecta Corp,<0.01%,Health Care Supplies,US,---,"$25,926,109.08 ","1,837,428"
REX,REX American Resources Corp,<0.01%,Oil & Gas Refining & Marketing,US,---,"$25,841,320.32 ","843,936"
TMP,Tompkins Financial Corp,<0.01%,Regional Banks,US,---,"$25,787,537.01 ","389,481"
AMPL,Amplitude Inc,<0.01%,Application Software,US,---,"$25,785,341.28 ","2,405,349"
HLF,Herbalife Ltd,<0.01%,Personal Care Products,US,---,"$25,676,893.84 ","3,042,286"
BLND,Blend Labs Inc,<0.01%,Application Software,US,---,"$25,657,357.45 ","7,029,413"
TNDM,Tandem Diabetes Care Inc,<0.01%,Health Care Equipment,US,---,"$25,530,007.24 ","2,102,966"
PAHC,Phibro Animal Health Corp,<0.01%,Pharmaceuticals,US,---,"$25,428,058.04 ","628,474"
SBSI,Southside Bancshares Inc,<0.01%,Regional Banks,US,---,"$25,419,208.75 ","899,795"
PSIX,Power Solutions International Inc,<0.01%,Heavy Electrical Equipment,US,---,"$25,293,516.18 ","257,519"
BBNX,Beta Bionics Inc,<0.01%,Health Care Equipment,US,---,"$25,047,049.02 ","1,260,546"
CMP,Compass Minerals International Inc,<0.01%,Diversified Metals & Mining,US,---,"$24,994,156.80 ","1,301,779"
AD,Array Digital Infrastructure Inc,<0.01%,Wireless Telecommunication Services,US,---,"$24,887,026.41 ","497,641"
PLYM,Plymouth Industrial REIT Inc,<0.01%,Industrial REITs,US,---,"$24,876,178.25 ","1,114,025"
TNGX,Tango Therapeutics Inc,<0.01%,Biotechnology,US,---,"$24,838,077.60 ","2,956,914"
CABO,Cable One Inc,<0.01%,Cable & Satellite,US,---,"$24,790,186.90 ","140,018"
MCB,Metropolitan Bank Holding Corp,<0.01%,Regional Banks,US,---,"$24,757,713.54 ","330,897"
ARIS,Aris Water Solutions Inc,<0.01%,Oil & Gas Equipment & Services,US,---,"$24,721,945.92 ","1,002,512"
BHRB,Burke & Herbert Financial Services Corp,<0.01%,Regional Banks,US,---,"$24,511,287.70 ","397,330"
CPF,Central Pacific Financial Corp,<0.01%,Regional Banks,US,---,"$24,498,821.84 ","807,476"
PNTG,Pennant Group Inc/The,<0.01%,Health Care Services,US,---,"$24,481,407.08 ","970,714"
FWRD,Forward Air Corp,<0.01%,Air Freight & Logistics,US,---,"$24,361,717.80 ","950,145"
HBNC,Horizon Bancorp Inc/IN,<0.01%,Regional Banks,US,---,"$24,215,605.30 ","1,512,530"
CDNA,CareDx Inc,<0.01%,Biotechnology,US,---,"$24,193,164.16 ","1,663,904"
ADTN,ADTRAN Holdings Inc,<0.01%,Communications Equipment,US,---,"$24,190,044.48 ","2,578,896"
MDXG,MiMedx Group Inc,<0.01%,Biotechnology,US,---,"$24,108,438.38 ","3,453,931"
AESI,Atlas Energy Solutions Inc,<0.01%,Oil & Gas Equipment & Services,US,---,"$24,091,131.21 ","2,118,833"
LGN,Legence Corp,<0.01%,Construction & Engineering,US,---,"$24,048,375.78 ","780,538"
RWT,Redwood Trust Inc,<0.01%,Mortgage REITs,US,---,"$24,046,854.30 ","4,153,170"
FWRG,First Watch Restaurant Group Inc,<0.01%,Restaurants,US,---,"$24,002,645.44 ","1,534,696"
FTRE,Fortrea Holdings Inc,<0.01%,Life Sciences Tools & Services,US,---,"$23,870,632.64 ","2,834,992"
KURA,Kura Oncology Inc,<0.01%,Biotechnology,US,---,"$23,836,059.00 ","2,693,340"
UA,Under Armour Inc,<0.01%,"Apparel, Accessories & Luxury Goods",US,---,"$23,827,143.48 ","4,933,156"
SG,Sweetgreen Inc,<0.01%,Restaurants,US,---,"$23,785,626.90 ","2,980,655"
AMSF,AMERISAFE Inc,<0.01%,Property & Casualty Insurance,US,---,"$23,726,164.16 ","541,199"
GLDD,Great Lakes Dredge & Dock Corp,<0.01%,Construction & Engineering,US,---,"$23,629,556.28 ","1,970,772"
CARS,Cars.com Inc,<0.01%,Interactive Media & Services,US,---,"$23,599,532.84 ","1,931,222"
AXGN,Axogen Inc,<0.01%,Health Care Equipment,US,---,"$23,597,984.88 ","1,322,757"
IIIV,I3 Verticals Inc,<0.01%,Application Software,US,---,"$23,506,493.28 ","724,168"
AMN,AMN Healthcare Services Inc,<0.01%,Health Care Services,US,---,"$23,350,734.88 ","1,206,133"
BY,Byline Bancorp Inc,<0.01%,Regional Banks,US,---,"$23,347,661.72 ","841,964"
DFH,Dream Finders Homes Inc,<0.01%,Homebuilding,US,---,"$23,324,034.24 ","899,847"
SION,Sionna Therapeutics Inc,<0.01%,Biotechnology,US,---,"$23,295,190.44 ","792,084"
PHAT,Phathom Pharmaceuticals Inc,<0.01%,Pharmaceuticals,US,---,"$23,187,653.28 ","1,970,064"
HAFC,Hanmi Financial Corp,<0.01%,Regional Banks,US,---,"$23,120,259.18 ","936,422"
IBRX,ImmunityBio Inc,<0.01%,Biotechnology,US,---,"$23,087,488.68 ","9,385,158"
ASPI,ASP Isotopes Inc,<0.01%,Specialty Chemicals,US,---,"$22,968,798.58 ","2,387,609"
AVBP,ArriVent Biopharma Inc,<0.01%,Biotechnology,US,---,"$22,943,073.15 ","1,243,527"
CNXN,PC Connection Inc,<0.01%,Technology Distributors,US,---,"$22,914,603.50 ","369,650"
BZH,Beazer Homes USA Inc,<0.01%,Homebuilding,US,---,"$22,850,747.20 ","930,784"
XPEL,XPEL Inc,<0.01%,Automotive Parts & Equipment,US,---,"$22,846,211.08 ","690,844"
TFSL,TFS Financial Corp,<0.01%,Regional Banks,US,---,"$22,822,578.20 ","1,732,264"
UAA,Under Armour Inc,<0.01%,"Apparel, Accessories & Luxury Goods",US,---,"$22,798,257.11 ","4,568,789"
RZLT,Rezolute Inc,<0.01%,Biotechnology,US,---,"$22,758,424.60 ","2,421,109"
AMTB,Amerant Bancorp Inc,<0.01%,Regional Banks,US,---,"$22,718,173.80 ","1,178,940"
CRMD,CorMedix Inc,<0.01%,Pharmaceuticals,US,---,"$22,631,386.87 ","1,945,949"
TR,Tootsie Roll Industries Inc,<0.01%,Packaged Foods & Meats,US,---,"$22,586,076.80 ","538,790"
AVXL,Anavex Life Sciences Corp,<0.01%,Biotechnology,US,---,"$22,583,839.00 ","2,537,510"
MMI,Marcus & Millichap Inc,<0.01%,Real Estate Services,US,---,"$22,582,770.50 ","769,430"
RUSHB,Rush Enterprises Inc,<0.01%,Trading Companies & Distributors,US,---,"$22,538,785.50 ","392,525"
CFFN,Capitol Federal Financial Inc,<0.01%,Regional Banks,US,---,"$22,504,520.65 ","3,544,019"
ETD,Ethan Allen Interiors Inc,<0.01%,Home Furnishings,US,---,"$22,363,380.60 ","759,110"
MATW,Matthews International Corp,<0.01%,Specialized Consumer Services,US,---,"$22,322,910.60 ","919,395"
NRIX,Nurix Therapeutics Inc,<0.01%,Biotechnology,US,---,"$22,321,068.00 ","2,415,700"
MAZE,Maze Therapeutics Inc,<0.01%,Pharmaceuticals,US,---,"$22,305,763.90 ","860,230"
MBWM,Mercantile Bank Corp,<0.01%,Regional Banks,US,---,"$22,281,750.00 ","495,150"
ESQ,Esquire Financial Holdings Inc,<0.01%,Regional Banks,US,---,"$22,179,919.32 ","217,333"
BRSP,BrightSpire Capital Inc,<0.01%,Mortgage REITs,US,---,"$22,111,600.74 ","4,072,118"
TREE,LendingTree Inc,<0.01%,Consumer Finance,US,---,"$22,078,496.78 ","341,086"
FLNC,Fluence Energy Inc,<0.01%,Electrical Components & Equipment,US,---,"$22,027,312.80 ","2,039,566"
SXC,SunCoke Energy Inc,<0.01%,Steel,US,---,"$22,010,424.96 ","2,697,356"
BDN,Brandywine Realty Trust,<0.01%,Office REITs,US,---,"$21,908,062.44 ","5,253,732"
MVST,Microvast Holdings Inc,<0.01%,Construction Machinery & Heavy Transportation Equipment,US,---,"$21,901,987.80 ","5,688,828"
NIQ,NIQ Global Intelligence Plc,<0.01%,Advertising,US,---,"$21,837,428.30 ","1,390,919"
SHEN,Shenandoah Telecommunications Co,<0.01%,Integrated Telecommunication Services,US,---,"$21,822,557.24 ","1,626,122"
IIIN,Insteel Industries Inc,<0.01%,Building Products,US,---,"$21,807,561.96 ","568,794"
IAUX,i-80 Gold Corp,<0.01%,Gold,US,---,"$21,724,342.84 ","22,738,479"
PX,P10 Inc,<0.01%,Asset Management & Custody Banks,US,---,"$21,720,342.40 ","1,996,355"
TSHA,Taysha Gene Therapies Inc,<0.01%,Biotechnology,US,---,"$21,689,988.48 ","6,633,024"
KE,Kimball Electronics Inc,<0.01%,Electronic Manufacturing Services,US,---,"$21,677,464.20 ","725,970"
ABUS,Arbutus Biopharma Corp,<0.01%,Biotechnology,US,---,"$21,634,530.10 ","4,765,315"
GDOT,Green Dot Corp,<0.01%,Consumer Finance,US,---,"$21,561,891.86 ","1,605,502"
LFST,LifeStance Health Group Inc,<0.01%,Health Care Services,US,---,"$21,557,882.50 ","3,919,615"
PLOW,Douglas Dynamics Inc,<0.01%,Construction Machinery & Heavy Transportation Equipment,US,---,"$21,548,643.36 ","689,336"
SABR,Sabre Corp,<0.01%,"Hotels, Resorts & Cruise Lines",US,---,"$21,543,151.62 ","11,772,214"
TTI,TETRA Technologies Inc,<0.01%,Oil & Gas Equipment & Services,US,---,"$21,513,113.25 ","3,741,411"
BCAX,Bicara Therapeutics Inc,<0.01%,Biotechnology,US,---,"$21,505,585.25 ","1,361,975"
UVE,Universal Insurance Holdings Inc,<0.01%,Property & Casualty Insurance,US,---,"$21,336,637.70 ","811,279"
RGR,Sturm Ruger & Co Inc,<0.01%,Leisure Products,US,---,"$21,333,250.26 ","490,758"
HSTM,HealthStream Inc,<0.01%,Health Care Technology,US,---,"$21,276,185.44 ","753,406"
AKBA,Akebia Therapeutics Inc,<0.01%,Biotechnology,US,---,"$21,273,372.12 ","7,792,444"
NX,Quanex Building Products Corp,<0.01%,Building Products,US,---,"$21,229,279.74 ","1,492,917"
INDI,indie Semiconductor Inc,<0.01%,Semiconductors,US,---,"$21,108,566.60 ","5,186,380"
UDMY,Udemy Inc,<0.01%,Education Services,US,---,"$21,095,901.01 ","3,009,401"
OPY,Oppenheimer Holdings Inc,<0.01%,Investment Banking & Brokerage,US,---,"$21,092,731.44 ","285,384"
VTS,Vitesse Energy Inc,<0.01%,Oil & Gas Exploration & Production,US,---,"$21,070,934.11 ","907,057"
AOSL,Alpha & Omega Semiconductor Ltd,<0.01%,Semiconductors,US,---,"$21,007,857.84 ","751,354"
IOVA,Iovance Biotherapeutics Inc,<0.01%,Biotechnology,US,---,"$20,988,051.21 ","9,671,913"
HNGE,Hinge Health Inc,<0.01%,Health Care Services,US,---,"$20,983,810.44 ","427,543"
LYTS,LSI Industries Inc,<0.01%,Electrical Components & Equipment,US,---,"$20,972,833.83 ","888,303"
ALNT,Allient Inc,<0.01%,Electrical Components & Equipment,US,---,"$20,879,455.00 ","466,580"
TRNS,Transcat Inc,<0.01%,Trading Companies & Distributors,US,---,"$20,855,412.00 ","284,910"
TRST,TrustCo Bank Corp NY,<0.01%,Regional Banks,US,---,"$20,776,631.70 ","572,359"
ACEL,Accel Entertainment Inc,<0.01%,Casinos & Gaming,US,---,"$20,775,777.48 ","1,876,764"
BJRI,BJ's Restaurants Inc,<0.01%,Restaurants,US,---,"$20,714,269.17 ","678,489"
NBN,Northeast Bank,<0.01%,Regional Banks,US,---,"$20,682,739.52 ","206,497"
ANAB,AnaptysBio Inc,<0.01%,Biotechnology,US,---,"$20,482,330.40 ","668,920"
MBIN,Merchants Bancorp/IN,<0.01%,Commercial & Residential Mortgage Finance,US,---,"$20,465,367.00 ","643,565"
ORKA,Oruka Therapeutics Inc,<0.01%,Biotechnology,US,---,"$20,432,836.50 ","1,062,550"
AXL,American Axle & Manufacturing Holdings Inc,<0.01%,Automotive Parts & Equipment,US,---,"$20,421,601.37 ","3,397,937"
CTLP,Cantaloupe Inc,<0.01%,Transaction & Payment Processing Services,US,---,"$20,410,617.15 ","1,930,995"
CCNE,CNB Financial Corp/PA,<0.01%,Regional Banks,US,---,"$20,290,441.60 ","838,448"
RUM,Rumble Inc,<0.01%,Interactive Media & Services,US,---,"$20,280,999.32 ","2,801,243"
RBCAA,Republic Bancorp Inc/KY,<0.01%,Regional Banks,US,---,"$20,275,662.00 ","280,632"
ATUS,Altice USA Inc,<0.01%,Cable & Satellite,US,---,"$20,236,789.28 ","8,397,008"
DJCO,Daily Journal Corp,<0.01%,Application Software,US,---,"$20,196,843.94 ","43,421"
EQBK,Equity Bancshares Inc,<0.01%,Regional Banks,US,---,"$20,196,683.10 ","496,233"
IBCP,Independent Bank Corp/MI,<0.01%,Regional Banks,US,---,"$20,164,229.40 ","650,984"
MYGN,Myriad Genetics Inc,<0.01%,Biotechnology,US,---,"$20,137,943.13 ","2,785,331"
SNCY,Sun Country Airlines Holdings Inc,<0.01%,Passenger Airlines,US,---,"$20,128,349.88 ","1,704,348"
MIAX,Miami International Holdings Inc,<0.01%,Financial Exchanges & Data,US,---,"$20,117,801.22 ","499,697"
VIR,Vir Biotechnology Inc,<0.01%,Biotechnology,US,---,"$20,029,069.78 ","3,507,718"
APPS,Digital Turbine Inc,<0.01%,Application Software,US,---,"$20,024,716.80 ","3,128,862"
RC,Ready Capital Corp,<0.01%,Mortgage REITs,US,---,"$19,972,814.58 ","5,160,934"
FLY,Firefly Aerospace Inc,<0.01%,Aerospace & Defense,US,---,"$19,866,850.84 ","677,587"
GOGO,Gogo Inc,<0.01%,Wireless Telecommunication Services,US,---,"$19,860,114.36 ","2,312,004"
AIOT,Powerfleet Inc NJ,<0.01%,Electronic Equipment & Instruments,US,---,"$19,753,600.04 ","3,769,771"
JBSS,John B Sanfilippo & Son Inc,<0.01%,Packaged Foods & Meats,US,---,"$19,742,637.80 ","307,135"
MBX,MBX Biosciences Inc,<0.01%,Pharmaceuticals,US,---,"$19,725,930.00 ","1,127,196"
MRTN,Marten Transport Ltd,<0.01%,Cargo Ground Transportation,US,---,"$19,682,176.28 ","1,846,358"
